reviewId,content,score
7fd5934c-cc74-4c91-8be1-8fba9427e043,"apk apaan, next lagu bayar, lagu rata rata vip, masih banyak apk musik selain joox!",1
a16c08e0-57c3-4f38-b496-e0d4bee65bbd,woy gbsa dibuka bjir,3
eb5dc929-11b1-49e2-b459-a931974bc6e0,good...is the bestt..,5
797614ee-7cc3-4601-beef-a0a68847a62c,puas sama apk ini mah ğŸ‘ğŸ»ğŸ‘ğŸ»ğŸ‘ğŸ»ğŸ‘ğŸ»ğŸ‘ğŸ»ğŸ‘ğŸ»ğŸ‘ğŸ»ğŸ‘ğŸ»ğŸ‘ğŸ»ğŸ‘ğŸ»ğŸ‘ğŸ»ğŸ«¶ğŸ«¶ğŸ«¶ğŸ«¶ğŸ«¶,5
023ff11b-14e3-4d5f-b36a-6475986daf1e,keren,5
c843de13-0225-426a-866c-143f72820edb,ahhh aplikasi musik tapi byk yg ga bisa disetel lagunya. dengerin lagu harus berbayar semua.. payahhh,1
053d1f6d-83e8-4927-b2f0-cb1f7b238801,best of the best,5
337adaad-040e-4a06-8a7b-45caf74ecaec,Ok,5
00a8e706-5ad0-4b41-aced-aaa639948142,sangat baguss,5
f42a1ba9-bc35-4051-9057-335af2eaec11,akhirnya update nih joox udah gak leg masuk denger musik tapi masih kurang musik apk udah lama nih dari Spotify masa kalah sama Spotify yg lengkap musik nya seharusnya lebih berkembang nih joox dari Spotify Jagan kalah dari apk lain update musik viral .dari Jenni Lisa dan lainnya joox kalo joox udah dirasa lengkap bakal kasih full Bintang,3
91370b93-b18d-429b-9695-c0bc8d9fa669,bagus,5
98eaf1dd-835c-457e-8d34-2dd4e31bb686,mantapppp,5
baaf8f21-1052-4689-8fe1-62f1a89c8883,kurang free nya,5
fb3de862-af36-414e-ac1f-22aac53d25e7,"gw kasih bintang satu, karena apa? ya karena apk nya jelek katanya joox kalo ngunduh lagu bisa dengerin secara offline tanpa berlangganan. ternyata sama aja kek apk sebelah, mending apk sebelah suara jernih ga kek joox burik!! nyesel gw donwload nih apk",1
e50ec5fe-ea30-4c3d-a588-66559253729e,APLIKASI BOSOK HARUS BERBAYAR SAYA MENYESAL DONLOD ... Padahal dulu mudah gratis pula.,1
820b9f36-fbc8-49f6-852c-f83209f406f2,kurang komplit lagunya,4
4f7deeb5-33f8-44ef-9955-dcb102ba5604,mantap,4
dda78124-f049-4790-a972-4a3a487b8145,ok,5
5e962589-a9b3-4940-b71f-52f273259886,Ok bosquh,5
a0f44f53-64e7-4a4a-8294-91f2b20543fd,mantap,5
188bf0ef-f88c-4007-9515-670a20f88301,ok,5
34530c44-1da2-4d3b-a5e8-56d0ad68efb9,mantap musiknya joxx,5
fa402a82-e515-4ce4-b270-628709488b84,lagunya kurang lengkap,4
a141b816-ec05-4f94-866e-7c1f61eaa2ee,keren sih,5
088dbfa7-481e-4d4b-a44a-61237db9c743,kereen,5
ae133257-937a-46e8-aa78-b703598ecd92,"anjir bagus banget cooooo lagunya bagus,bisa bikin playlist sendiri lagi,pokok nya bintangâ­â­â­â­â­â­â­â­â­â­â­â­â­â­â­â­â­â­â­â­â­â­â­â­â­â­â­â­â­â­â­â­â­â­â­â­â­â­",5
1edc9f5b-834f-4a3c-a5a0-49a99b89a5df,masalahnya kurang lengkap untuk daftar putar ny... musik lama barat sama indo di pencarian g adağŸ§ kalaupun ada itupun coverğŸ˜‘itu musik yg udah didownload terkadang patahÂ²ğŸ«¥putar musik online ko pindah musik anehÂ² jooxğŸ¥´ğŸ˜–ğŸ˜¤,3
a960a006-3be5-46ea-8ee8-faea34b08289,Good,5
df21fa4a-7fc4-459f-ae61-7e7c2aa6a38a,"jelek tambah jelek, nge-crash terus gak kaya dulu",1
e42fa867-3dda-4606-881a-f28c25993ec3,bagus,5
9654dbb9-0217-480d-ad29-0d8497128934,bosssss,5
33442206-c29c-47a4-b6c0-7360750ba146,the best,4
5da617e5-4355-452c-8530-67e2946c2a04,mantul,5
bca6f5da-57e1-402f-8f07-eb8efe2ce6c3,mantap ni joox,5
06c75ccf-32c2-414f-af93-4bd72c622eaf,parah..,1
51c8d5cc-8e3f-4081-9175-64f78d79b18a,mantap,5
a55f1542-5fcd-473c-b53f-2ee558a3bead,banyak iklan nya apk busuk,1
9f80e7dd-856d-43d2-beba-bdc42c31b944,lagu2nya tdk lengkap..banyak lagu hits yg tdk ada di list..padhl dulu kt mudah menemukan lagu2 favorit sekarang bnyk yg tdk ada..apakah ini terkait hak cipta???,2
7c9cdf64-160a-40bf-8ab2-7f98f0e86910,masih yang terbaik dari Aplikasi musik lainnya,5
672ad979-2cfd-4a30-b478-1633b9487b0b,lagu tidak selengkap dulu buffering sangat lama untuk sekarang saya lebih memilih Tidal daripada joox tolong dilengkapi lagu nya dan ada beberapa lagu tidak bisa berputar,1
2712c7d0-4309-4485-8df8-257139694917,"hi-res nya yg bikin betah. meski ga ori2 bgt. sy pake TES liberty 4 24bit jadi bisa bandingin. dan kualitas CD nya 95% mirip aslinya. sayangnya koleksinya masih kurnag, dimaklumi untuk dapet file yg kwalitas tinggi emang sulit kecuali dari publisher langsung.",5
6a3a43c5-a987-4ef4-9ad6-02f0116843bc,terlalu bnyak y vip,3
7327a108-69e4-4a7e-a749-f5a45d751515,aplikasi musik yang sangat bagus,5
38a9d823-d7e8-4e20-903b-ce8c24509adc,"suka aplikasinya,tetap pertahankan kualitas nya yaa",5
4f912629-0b4b-42bd-9c8e-4b34d03f23ce,"sekarang jelek, Saya pengguna awal realase, bagus, kedepan lagu malah pada hilang, iklan free VIP Beberapa jam juga udah ga ada. payah.",1
db48d467-ae58-4d9b-86cb-c9ed7f3fb9d7,MADEP LAH,5
233d7e74-2d03-4462-a9cc-1c6fec9f82a1,"saya tes dulu,klo bagus sy kasi bintang lima",3
9b700919-721a-41fa-805b-a906ed909ea2,sound efek keren,5
4e768c74-b586-4201-8003-4374a1e85d7e,bagus aplikasinya,5
33fe0bd7-a4a2-4c37-8d49-a7828cba1c39,"ga jelas,suruh berbayar Mulu....cakepan yg dulu ga ribet",1
fa1420a5-ea25-45c7-aea3-6cffd61013af,aplikasi jual iklan pinjol. apk jelek,1
f81514cc-2396-429c-b338-2cc462e93ea3,mantap,5
2f75570c-3551-470d-8dec-39e3122dfc1b,bagus...,5
5080f659-2240-4b53-86c0-c6abbeb72c01,Terimakasih aku suka,5
a002ca11-1a0d-41ff-b583-93e04672facb,mantap kali dahğŸ˜ğŸ˜,5
a43f27af-8b53-4c09-bd16-c89a8710f092,aplikasinya ok ğŸ‘ğŸ»,5
bec11a43-3e9b-4c7c-8441-8f35057b63af,mantap habis... ga nyesel download jook,5
9b10371d-4aa2-4277-b34f-009f612e8068,good,5
c813174d-0973-4df5-ab8e-1d5a5256d1b6,mantaff,5
a4312d3b-acd7-4887-bcc1-37d90520c4bc,ok,5
71af2d46-56b7-40bc-a3f2-7808b607ba10,gak bisa di update min,5
9b473b6c-3519-42d2-802b-8484bd2d8aee,mantap,5
7b097c7e-5b9d-4ffb-abd1-a849f4894406,berbayar,1
4abe9dae-eabd-46e2-953b-55e1c0f75c19,sangat menghibur,5
397f08cd-f816-4dd0-bbea-153c53a66a2c,bagus,5
ce71b160-2e8f-4e0d-a711-e7ad071c3a65,baik,5
e63e005e-0b7c-431d-bcc8-bf13c60eafc2,bagus,5
6e696db4-a41a-4f1f-bd79-c534427a94a5,"terlalu banyak lagu cover dibanding penyanyi aslinya, hadeh",1
1e2962f0-987e-4f11-b8d4-f3e22fd804eb,sederhana,5
ffbc58f9-b781-4249-9f0d-2dd3a328f2d9,nyesel sempet langganan...krn banyak lagu yg ngga bisa diputar/muncul kode error waktu diputar...selain itu loading library lama banget,1
3ca94a7e-2bef-4bb7-846d-008c8e508d56,Good,5
21a81206-b3ce-40c3-b96d-9ffe8587dc19,sangat bagus apk joox,5
4766ddcb-be8f-4c0e-be2b-25fe61831767,bagus,5
318c7eff-04d9-483f-9666-621d64188734,semuanya full keren mantap,5
b35fad4f-a6ce-47c9-b733-91953c2ab40b,aneh,1
94e8561e-2fbc-4ed9-aebd-d22f7a1811d4,kemana semua lagu lagunya?,2
7d421c94-5e18-4bc6-a1d5-7665c9198d82,"Jadi kurang lengkap, mohon pas pembaharuan yang terbaru di tambah beberapa lagu yang lagi populer ğŸ˜­ğŸ˜­ğŸ˜­ğŸ™ğŸ™",4
597062eb-d34b-45e7-b6b9-741c641c884e,banyak lagu tidak tersedia lagi kenapa ya?,5
154bb708-da80-430b-a05b-70aa096893a3,mantap,5
261d8636-1d3e-4327-bb05-55832af6aea9,keren,5
34ef9a93-954a-450c-a57f-4ee8408ae9e2,jelek,1
b49eed69-8b64-4083-84e4-c90e47c0a04b,"kalo dari segi fiturnya sih banyak yg bagus ,tapiii kalo dari lagu-lagu nya kurang kumplit saran aja yaa kak tolong perbanyakin lagi lagu-lagu nya .terimakasih",3
4973b53e-b8c6-4ada-b38b-0fc3a484c494,top,5
101ef70c-f938-42eb-97c5-67f8aed36fab,GK usah didownload isinya iklan doang semua berbayar,1
4400182a-efb2-4840-92f2-e71aeef9ebbe,tolong di kurangi iklan,4
a53fab67-2d87-4937-845e-3dd0747cf664,mantap,5
51a992f3-bd04-4233-98f7-6538f1d33b9c,lah kok ga bisa di buka,1
b08a41e6-99c3-4264-8da8-185312c7ff08,bagus,5
2df16906-2a81-4c4f-887c-2e0349dd1303,lumayan bagus sihh beda Ama Spotify haha,5
0eaa8a84-1cd6-4723-98b0-b6937596a8ed,ga ada yg gratis masih pake intermetan kalo pake aplikasi iniğŸ˜ğŸ˜ğŸ˜,3
84c60125-02fe-43e6-a19d-d0bce8269e1e,lagu cuma bisa diputar sebentar gak full,1
9e90ec92-f1f2-4229-9abc-436026af2e71,sangat menghibur,3
0f1e1bd7-7833-4b3e-a5fd-bc99133ba937,super baguss dan komplit,5
932b5ba8-ce75-40db-b190-bf967dc5ae0b,Kayaknya asekkk,5
b2bc9993-6773-465d-84e5-84c7c01a0b6b,mantap,5
39b490e7-1c9b-4ef6-a767-57b7f78c7361,apk jelek,1
a04c0367-caad-4320-98ec-28e26ea79b18,saya suka top deh pokok nya,5
d5a68c66-884c-42a2-a994-02c8daf1cb5d,luar biasa suaranya jernih,5
25648e56-c780-4482-8293-3de8937e9509,Mantap,5
9db8dc4e-7351-402c-a650-798b85f61df2,mantapzzz,5
210bfb46-eb81-495a-bff9-1e2689dbb641,Bagus,5
da92a1f5-46f0-4fa7-a282-d4222618c92a,bagus banget tdk ada hiklannya,5
7f30deb2-4b37-4b46-ab86-adfed5d1d61a,ok,5
d1914075-1c5c-4776-ad53-5d0b6b640e2d,buruk gk jelas nyesel dowload kaya gini ngabisin kuota doang,1
4e62c5b9-fc27-41ff-b850-55028c9ea3c0,musik pada hilang ğŸ¥²,1
6e7f620a-5d9e-487d-ab00-21fadbd3419a,good,4
3c2bdb25-717b-4380-80da-1d53ee113241,bagus,3
b7a82c11-3ed3-4978-98ff-e870865ea79a,sangat Bagus,5
df096348-275f-4b8f-a016-bcf37828b657,sangat cocok untuk bekerja,5
0deaa60a-57fe-4b85-9bef-ab00faabd450,"Kenapa sekarang tidak dapat memainkan lagu yang ada di library (terakhir didengar) jika tidak terhubung dengan jaringan? Apakah harus selalu online, sedangkan di Indonesia ini tidak semua lokasi mendapatkan sebaran sinyal yang merata, jika memang demikian,maka akan menjadi pertimbangan pengguna setia Joox untuk beralih ke apk sebelah",3
56fe4d44-7b08-4983-8895-7eb3c897ae6f,gatau gimana apa emg gw yg ga ngerti. perasaan kaga ada semua lagunya nyari lagu K-pop ga lengkap,3
d1442b0e-52ea-4991-b0f7-a8b926ce2015,bagus,5
40bcb3b0-b027-427a-928e-8e03a3d814b2,apk jelek....jangan di download nanti nyesel,1
9049ab82-a06a-448a-a85d-164f37ba97d7,banyak iklan dan berbayar,1
559aa4c5-cd60-4e8d-98d8-0e8070ca0fe3,bagus ğŸ‘»ğŸ‘»,5
36c00288-8e8a-4c52-a112-9afd6286c703,memuaskan sekali,5
82b97f30-b2ac-4650-84ae-a7c3c3bc1dff,"jgn unduh aplikasi ini,, aplikasi Nora ğŸ˜ğŸ˜ğŸ˜ğŸ˜ğŸ˜ğŸ˜¡",1
d73e34aa-95ca-4da0-934b-0b76323c4a52,Menurut saya app paling bagus menghibur saya,5
dc9c1a06-27f6-4e71-88cc-7bc298fbe64a,"ni apk bgs. bukan maksud ngebandingin, tapi apk sebelah sptfy ituu kan ga bisa didownload dan harus VIP untuk gue yg kaum misquen ga bisa dngrn lagu kalo abis paket, trus ada apk dulu juga bagus namnya rsso, tapi udah dihps pdhl itu bagus tapi gpp deh diganti sama joox ini. bagi yg mau download worth it banget sumph, apk ini ada lrrk, bisa of dan on, trus ada fitur2 yg ga kalah jauh bagus, mngkn aga kesel krna lagunya banyak yg ga mndnia, misal nih lagu Taylor Swift kan banyk tpi disini cuma dkt",5
871cb256-1b5c-4e80-834b-e7c0c3488086,Mantabbb...,5
1cc0d060-c471-41f8-a903-9bc46597b9df,bagus,5
154f999f-77f8-48cf-9f14-a7bc76debde0,joox mmemang mantap,5
23f4117c-bc80-4e17-bc9c-6c12d9073699,good job,5
3c220eda-5d50-461c-bc9b-3e9ce00fd1ca,SANGAT RUDETT PABEULIT JEUNG IKLAN,1
d1bf2590-8efe-47e3-9ca3-7220484b4ba6,Apknya jelek gakbagus gak bisa di instal dan terus gak ada hero alucard nya sama suyou karina dan lain lain ngak bisa nge jungle lavi,5
0c387b64-ecdc-47e3-8c06-47f63817a0f7,bagus,5
364b81bb-e7b9-45d8-ad0f-d12ef5aa8864,gak jelas,1
82ee9029-3d90-4da5-94f3-2cbaef73be4d,bagus,5
f6a236dd-ef0c-481d-9823-ef38db1be0db,lagu dangdutnya kurang lengkap,3
6d1b1724-1fb6-4244-a658-da2d6d4943ff,mntap,5
97632c16-6078-4514-9fd1-8ae36e851f75,"terima Kasih sudah menemani di 2015-2018, the nostalgia. thank a lot, joox.",5
11168738-f7c2-493a-8f14-7a4007fda915,Gak suka cara pencarian musiknya suka gak sesuai,2
d0eaa2f2-596c-4410-82e0-2ef30906cc23,mantap,5
256eff92-fe63-413c-bd0e-8201577833d4,mantap,5
a928166b-9c55-448c-9c85-70c6159ec597,bgus,5
dddbf8fc-6414-4c5a-ba18-29a8ffc45458,ok,5
7c60fce6-9491-4f84-901e-0afaed4ec255,ğŸ˜€,5
812c46c6-30c6-4feb-a289-b109217d116a,"niat nyoba langganan ternyata ga cocok, lupa berhenti langganan langsung kepotong anj saldo gue 50rb",1
3d7a0e6c-0ad4-4e4b-b52a-ac58095cdbba,kren,3
8fae9b0b-da20-449a-9e5a-aaef75d3d2a6,mantap,5
5a42c943-388b-4e3a-a79b-dc19be39b316,aplikasi musik OK banget ğŸ¤—ğŸ¤—ğŸ¤—,5
36a40a72-6e06-4106-87bb-76c2117037c0,bagus bisa download lagu nyağŸ˜Š,4
2150bfa6-a27f-489e-a6ea-fe679780cf5b,bagus,5
4cb568d7-5506-46fe-979d-adbfc4a7af00,Too many add's ğŸ¤£,1
b68f1d2c-24b8-48f9-a484-5a1f1cc16b9c,"Joox ampas banget sekarang,isinya iklan semua,udah lagu nya banyak yg kaga ada,iklan segunung udah kayak michat aja",1
0174ca94-9228-4b94-b0ba-fbba5e009ec5,mantap kali ğŸ™‚ğŸ™‚ğŸ™‚ğŸ˜˜ğŸ˜˜,5
82ea48a7-571d-44d9-9fbc-ffeee04fadc4,iklanya y ampun,1
3c1c9428-9d36-4794-bf30-c53b89c8bed0,lumayan bagus..ntr klo bagus terus baru bintang 5 ...,4
ba7794f1-e259-4d91-9048-0119a2917274,"dulu asik lagu lengkap.. sekarang jadi aplikasi ga jelas cari lagu band2 90 dan 2000 an yg direkomendasi malah mahalini, seventeen kalaupun ada cm lagu dari band2 cover.. nyesal download JOOX abisin kuota..",1
da8cd40f-80f5-483b-94ec-b2dd89bc5272,Sedih banget nggak ada lagu Maher Zain.,1
9fff6c1a-89e1-49ab-9038-17340bed4031,sip..murah,5
6cf8964e-9faa-420c-b752-40f940f5ec06,"apk-nya tambah jelek pake BANGET. lagu-lagunya kurang lengkap. udah bertahun-tahun, kayak gak nambah lagu, padahal dari grup band cukup populer di Indonesia.",2
56879c85-8b91-4e43-b75c-c6b4d227146d,the best,5
24f93f7c-a045-443b-aff7-e92c92d11876,Good,5
a687a064-970e-43f1-b838-6b6f32bd6786,kalo ndk premium lagu nya ndk bisa diputar,1
19011479-7b7e-4b5d-b0db-db5dd83bf867,"suaranya jernih, pilihan lagunya semuanya ada. top pokonya deeh..",5
f889828a-690a-4979-9cbc-e3974f3fa805,ğŸ‘ğŸ‘,5
743312d6-7715-4f82-a8c8-2e7d019c44d4,aplikasi tll banyak iklan,1
fe6990a9-3f75-4837-9464-1ab046354918,berbayarrr,1
12bfbed5-24cf-4189-bcac-85ff79ec9527,ok mantap,5
2b609646-cfd6-4214-b9ce-da8ff6a04f53,saya punya,5
d7bc27c9-0771-408b-811a-2532a4f5ac31,cukup bagus untuk hari ini....!!!!,5
fba81393-1453-4e9a-9960-ecca46de5ddb,Kawan santai,5
2ec4cd87-488a-4473-b4bf-3b12160e4c9e,ok,5
e10b9685-5134-43e5-a3ee-d180f534c38a,banyak lagu rohani yang salah tempat.atau di campur dengan musik lain,1
93afaf3e-189c-45cd-b9f0-f1f006eb22a5,mantap,5
c48659ac-3587-453c-b454-6e8c42749a05,sangant bagus puas banget pokonya,5
0979a28b-6b4f-4e08-a54d-1469cd2466ba,sangat bagus,5
4e16f538-af98-4bbc-be86-06bd5f76a06c,bagus bagus banget aplikasi y ada bisa di Download jga makch ğŸ‘ğŸ‘ğŸ‘,5
b2c66e86-afcb-4de5-bfbe-39da1e82dd50,menyenangkan....banyak bnget pilihan lagu nya....bisa d download lagi....perfect dech..,5
879a6119-0293-4d79-a404-8fd769558bbd,"pilihan lagi kurang banyak , sebagai pengguna Spotify yg mencoba joox karena Spotify premium abis. jadinya merasa sedikit kecewa karena beberapa lagu tidak ada",4
8e14bc4f-c595-4bac-9b47-40c5c090fb23,ğŸ‘ğŸ¼ğŸ‘ğŸ¼,5
97ba2d5c-baac-4931-9c5b-54ee36a1dfbb,good nice,5
24ab801f-b296-4c38-a655-170791de39b5,"joox skrang bukan joox yg dulu , jangan di download nyesel nyesel",1
def1d38d-a022-4717-bece-fae5a6ae4d5f,"aplikasi udah tidak bagus seperti dulu, jelek, gak lengkap daftar playlist lagu",1
3128c4a3-b5ca-4f5f-bde7-4d04ef3aa43a,lagunya sudah tidak lengkap lagi,1
7a3918cf-edd0-4241-991a-380bc23da8b9,dikit2 iklan musik kbnykan vip. enak pke apk sbelah.,1
41486423-0d3c-4401-aa1d-4c31f57c2b7f,Wish all the best of you ğŸ™Œ,5
afa34cb0-8303-4ba0-97da-8b6a50f22b3d,Sangat baik untuk putar lagu lama maupun lagu baru,5
c119e769-f781-4f98-b3c9-4f4be0067326,ok,5
e03778e4-10c7-46a0-8496-65ae2e980da8,Popular in 2019-2021 lawan tiktok bruh,5
4c6d55ed-a558-4ba2-92ee-504d7c98001c,"lagunya update dan enak, untuk jalan jalan pagi",5
51e2d42a-c0aa-47c2-85b7-53c47828a639,"mantap, gan",5
3e581e35-577a-42a9-8b53-358ed02eae08,kerenn,5
3fe21374-99a5-4148-a841-be07ebbf9be4,cringe,3
54282aeb-1f24-4534-8ec2-ef99c10b329a,Bagus,5
bc041e1b-0fd1-4c58-b773-96846a06d773,bagus,5
566c441d-6ebd-43b8-b473-6d535412a34b,gooodğŸ‘ğŸ‘ğŸ‘ aku suka,5
95aea85f-6cce-4a10-90f8-69f3b33a647f,ok,5
e507f89c-b4d3-440b-9792-3413ad07f18d,"aplikasi kagak bermutu,beda Ama yg dulu,nyari artis siapa ehhhh yg muncul yg lain,mending hapus aja nih aplikasi ini dari indoğŸ¥±ğŸ¥±ğŸ¥±",1
bee31f60-dad2-45bf-8224-ad07ef3843ee,mantap ğŸ‘ğŸ‘ğŸ‘,5
41eea208-4571-47c2-b7e2-33dafa1a56cd,mantul,5
bd0d7b8c-ddb7-4ba7-b9f2-3afae9b4edac,mantaapp,5
8b867d30-59a3-43ca-a6c5-2b2c3bc68ef7,mantap..,5
f0b5da86-fc09-4640-bdcd-7f3852ef560a,bagus,5
b0a539c3-4466-44ea-af61-b066701466ce,dh ada perkembangan lagi dl sempet dowlond skrng dowlond lg deh,5
316a7632-7919-4526-a697-6f738b20a0c4,sangat baik aplikasi joox ini semoga makin sukses,5
510d5cba-e6fd-4f90-bda1-1ad6fc3be3eb,aplikasinya ok,5
3e3239de-8b21-428e-a62f-e3ef2f81adb7,good,5
b1e74b16-9f13-4b61-853e-f8fffcccc74e,aplikasi musik paling smpah jelek banget,1
6a766f91-8983-4c77-8dc6-018731392324,mntap,5
b5705b7c-5967-458e-9424-a13218a8c8e9,very good,5
943cda19-1d24-463b-b462-af26ce9f41cf,kasih bintang 3 dulu ..baru download sihğŸ‘,3
9f85ddd0-a294-45ee-9fba-234e65825d36,masih nyoba dlu,3
96d0135d-b652-47f9-8c46-3494e381e06c,mantap,5
b82bad7c-979a-425c-8e5f-db58539b1dd8,ini sudah bagus tapi sayang judul lagu nya yg benar jangan di ubah lagi,2
bc154114-7722-4bf9-95e4-c5ac15f85b4f,good music app,5
56b8397c-7adb-409b-9fef-9f3b21ed6b37,susah banget nyari original songnya .. kebanyakan copyright,2
83bc35d7-0348-423e-aa87-9275d632676f,sangat bagus,5
a73c0691-810a-4f73-846d-640e6879d6f0,mantap,5
406430db-188f-4fb4-a4be-f542ecfee033,ok,5
45550b13-ea17-4cf5-8f76-573473c0f6bb,bagus,5
075cb67c-c70a-4770-8a71-ed9bba5c1f28,Cocok,5
22603029-314f-479b-bcac-bbfaaaf9d84b,music on terus stabil mantab,5
90c9583e-424f-4774-815e-b4174b4c1651,bagus,5
e827f2ce-6287-4765-90eb-d0cdc077fb73,sangat cocok untuk cari lagu favorit,5
3b37c86d-280a-4555-b0a6-7f30bd2d79b6,cukup baik,4
0f878063-170d-4b89-9820-9efb8c06ffb3,bagus bingitt bisa setel lagu offline tapi sayangnya .................... kamu sayang aku engga,5
eb3aabb6-eb0e-4449-a14c-00b583476375,"Nice and fun.., Thanks",5
dd842e35-b349-49c9-9fa1-d3ef821bf38d,mantap sekali Pokoknya keren abis deh,5
98ce40cf-c8c7-4215-9a1e-53a0b564ab15,oke,5
411c273b-20e3-4343-b3bb-8afe6685c04f,"Kenapa saya kasih bintang 5? Karena alasannya, suara jelas, suara banyak pilihan, ada K-pop juga, bisa download lagu, ada teks lagu yang berjalan, kumplit bangett, kalo disuruh rating dari 1/10, aku mau kasih 1000 ratingg... ğŸ˜ƒâ˜º (Sebenernya K-pop udah kumplit kok, bangett malahan, cuman tambahin lagi aja ya developer lagu lagu nya, soalnya aku cari lagu Venom dari Stray Kids gaada soalnyağŸ˜…ğŸ˜”).",5
7a389c18-fca0-4d27-b84a-cdcb31d00886,bagus lagu lagu nya,5
609f61f2-a1a4-4a53-a9bb-24c6ce7347ec,sangat cocok untuk kita semua ğŸ‘ŒğŸ‘Œ,5
fedbe84b-c2ca-474f-aad9-d90c2a7834bf,kerenn,5
08d4f948-b532-4425-846f-8bde9a17da35,keren,5
a999fda2-0f84-49ef-9706-d14d3ffcc29c,suara jernih,5
c9ceea6c-56c9-4c8b-bfab-b5739ef2c062,best apk,5
e0e33b7d-11e5-4c13-bc44-1cca36602ce1,sangat puas,5
160f8e9a-92b8-4629-9437-1b3bb072c835,Sekarang joox udah gak bagus .. banyak lagu yg gak bisa di putar dan gak bisa di temukan...,1
478659cd-329c-450b-b6a5-d62818045af5,oke banget,5
f96b2680-e2f4-44b5-93af-84b23c1edfa5,"2 menit langsung uninstall, dikit dikit iklan, dikit dikit ganti lagi otomatis.. aplikasi busuk.",1
c5dbf428-ecad-4ae9-bc54-880aa05f82cb,joox top dah,5
0a40af2b-1b28-4fae-975b-b7f861bfcdd5,mantap,5
f4342712-5d40-4995-8a39-ba470ab93b17,aplikasi ini bagus banget,5
68578004-3d66-4bd7-96fb-1716fb765fd6,aplikasi aneh,1
9faee7ff-f719-43b5-a773-aca15369ed39,toppppp,5
fc71deca-befb-47b6-9745-64d9e521987a,"suka banget,jaringannya stabil bagus.",5
e476b38c-2699-41f9-bc24-3f29bfebf85c,ASYIK,5
e262b105-c05c-4529-b593-8657265c0fc8,burikk tidak ada suara penyanyi yang asli semuanya. di edit,1
ba3915f0-b343-4173-986f-a97b11103633,sangat baik,5
6dce7933-8215-44a1-a4f8-d03a33aacbd3,nostalgia an,5
eee2bccf-ccd9-48ff-ab15-1d24d10c7c39,terbaik,5
c5b5b466-4a35-485f-a8aa-5576116e3d1d,mantaappp,5
8675ff67-678c-4843-acb2-06f89d8c1216,keren dan bagus,5
61386b57-f977-46c4-8247-6e01becac01d,berekspresi sesuka hati di JOOX lewat lagu,5
017c404d-cbd8-4784-a0b7-7c74b086cc5d,oke banget,5
91098053-3c2a-4958-81c2-026d5b5e99c6,bagus min,5
970850fc-faeb-425c-ae25-c322478299d3,enak bgt buat lari apalagi kalo larinya pagi pagi,5
c93f3fe9-de61-48ca-a5a2-c6010358e55f,aplikasi apaan lagu the Jansen saja tidak ada payah jangan di download kalo tidak mau nyesal aplikasi tdk jelas,1
1cad9df6-67f5-49b6-9184-ef325cc8bad4,The best,5
e244a468-9d1a-4101-8213-8d49ca506463,"aplikasi nya nggak jelas, lagu yg di cari nggak ketemu2, cari lagu rungokno aku, yg keluar nggak sesuai sama yg di cari, kecewa berat",1
6a0d26d1-7295-4183-a907-388288593134,"Instal buat coba coba saja, Ternyata semenyebalkan itu iklannya, mode gratisan cuma dikasih jangka waktu 1 jam an setelah itu lagunya tiba-tiba cuma diluter setengah2 bahkan sampek matikan lagu dan gk bisa putar sebelum vip, Tpi ngapain juga beli vip lagunya gk lengkap",2
cfcad8b8-a2bd-44b5-8cca-99118de32261,mntap,5
52d1e803-66be-40ae-a902-5363a7ff3eaf,versi lawas.,5
d4b345bc-1a24-4742-bddc-f68c0d8a5991,Menikmati terbaru dr sebuah musik dunia,5
82df41b5-81fd-4692-be9f-126c964a6966,oke enak di dengar semua lagunya,5
904d75cd-655e-40f6-b24e-780dae76fa8d,lagu nyaa tidak lengkap seperti apk sebelah :(,3
94f1bef7-0990-4299-ab60-2599b6b49747,"pernah pake dari 2016 - 2020 selalu beli VIP, baru install lg sekarang.. saya kira ada perubahan lebih baik, ternyata tambah buruk. aplikasi streaming musik malah jadi sekelas Tiktok, lagu ga update, Sound buruk. otomatis langsung Uninstall lg. emang Spot1Fy jauh lebih baik.. sangat mengecewakan",1
4423ca9d-8e82-440e-ab92-dc23ee51fd1f,Masya Allah enak banget sumpah suaranya ehh mantap ğŸ‘ğŸ»ğŸ‘ğŸ»,5
a92ad578-10ee-4b42-b6bf-cff387c2aa75,bagus,4
cb39ee7b-4c7e-42cd-b8e7-bcc018607fcc,mantap suara jernih,5
7fffa992-c87a-4152-a023-c470c8fb6e44,sangat bagus,5
f4447c52-6af7-4df2-9105-24e29401569d,mantap,5
a0324eda-a862-4eaf-bcce-e46382d93764,baru tau sy.jook bagus banget,5
951db38f-75c2-4871-9634-9e46eb3dbec0,mantap,5
f4fc1319-4eb0-463e-ab81-e6c87b5b86b2,good,5
b62c5a12-5f0c-4d73-98b6-dcb009de8cc4,bagus dan bagus,5
205dfa97-2a98-4358-a040-8dd225fbd42e,keren abis tolong lebih update,5
19f4f826-fa03-4bc3-98dc-8e18f434da97,good,4
ec33b46c-1e73-464a-a5f6-4ca3a699d463,keren,5
94dda00a-1576-4aba-800a-feda2ffc8be8,good and cool,5
e418adfe-e46f-4c4b-836e-41202a23d9d8,sangat menghibur,5
5b683c07-baab-47dd-998d-6a48cf914434,godd musics,4
ec0be4a9-0ced-4023-8c55-77c55ededb71,aneh,1
3560c780-3704-4329-8594-7f24fb0b58b5,rekomen banget ayo coba,5
a91c7d49-1a9c-4a72-8781-4c6253502d25,"suka bgt SMA Jook,krna aku ada gratisan dr paket",5
3f3b7842-ad4a-4393-9100-cf6e8d59dab9,Bagus,5
f534bf5f-050c-4c28-aa3a-cd5309753921,kngen joox ğŸ˜“ğŸ˜“,2
48d57f65-16cb-456b-a22b-722c0968c7ea,mantap,5
77e63784-5a7e-4ce3-8bd1-a74e5bc7804a,Oke,5
4ba98d52-1438-4fa1-a678-4b442e4ba0fa,Sejauh ini masih yang terbaik,5
f34334d8-b77e-44dd-ba1c-76a825a56461,maknyuss,5
6b5b4f4c-58d2-4e71-9c44-40349e021a34,"apk yang bagus,bisa donlod lagu trus di dengarkan ofline",5
dc02d102-ec38-4aec-b217-2f9608ebcb1d,Mantap,5
97c6a62f-9ac9-4664-a4b1-f5bf5b4ab387,"sudah terlanjur langganan tapi cari lagu noah ga da,,payah",1
1fe2533e-2dac-45e0-937b-dc1ed43b7a15,aplikasi joox ini kurang bagus ditambah lagi suka kesalahan jaringan padahal jaringan bagus.ğŸ™,1
592c222c-7226-4adc-8f35-3449c95b151e,"Kurang update lagunya. Kalo bisa sama dong trendingnya kaya youtube (2018). EDIT: Makin kacau ni aplikasi, nyari artis avicii yang keluar malah karaoke bahasa cina semua. pantes ditinggalin nih aplikasi. ğŸ˜¹",3
ce48eef4-d946-4255-920e-10c73f037b62,satu kata untuk aplikasi ini.....TAEEEEEEKK,1
7c8e44f2-ba02-45e5-90ce-7f62ea0fcaca,"Apa ini, banyak lagu tidak ada, bermasalah aplikasinya Padahal uda bayar, sia"" aja",1
f9f7d9f9-ccb3-4013-a426-d6663c093dde,satu kata perfecto,5
48979593-be56-4646-ab00-7526a54e8f32,Ekh..,5
69e0f876-56f9-4c81-ad0c-e1376c824fe5,keren lagu jadulnya tapi kalo bisa kurangi iklannya,5
f6ba0231-c6e9-4ab0-84cb-2ed64a77b193,"mudah2an GK kek apk music sebelah, norak, GK tepakek",5
abf08433-2523-4f7d-a581-9f34c4513c47,saya sayangat teribur luarbiasa,5
48a5a4ba-57f0-48cf-8ae0-26f00d819b55,"jelek banget, masa gada mcr.. sekalinya ada yang nyanyi orang china wkwk",1
40e44c60-7fe1-42af-89af-61456b114bda,Bgus,5
f8c82bf9-1f70-4605-9818-89c246c7e6bf,sangat nyaman dan enak nggak ad iklannya,5
85595ffd-99be-4187-9a8f-eb9f2ab8726f,"dl pernah pk,trus sy unistal,skrng download lg, sy unistal lg garaÂ² lagunya berkurang,yg sy cari ga muncul lg",1
bb1251ef-5632-4e24-8b4b-6ecf02cb1c6a,ok,5
b705f949-152b-4257-b282-d30e008aa765,ga jelas,1
0c7cd2d6-91b9-4a73-b664-ba10243a6969,mantab banget sama yang namanya joox,5
8545bbe8-8ff0-44cf-8710-805fd7073ce8,music dari aplikasi ini tidak mirip dari penyanyi asli nya atau di nyanyikan orang lain,1
4cbd5a7c-7a01-4bb4-b04d-85edb681f8ca,ğŸ‘ğŸ‘ğŸ‘â¤ï¸â¤ï¸,5
aff37ad8-3caf-4863-b5e8-ac7cec981e18,Oke...mantap,4
7d5a3c4a-f9fd-4d2d-8d48-2a3cbf848f8f,ok,5
f55ab32a-5537-4824-a4c4-2a0482b0e8dd,siiip,5
58bb894a-9d0e-4d6a-907b-afe5db13fea5,mtop makin ter baik amiin,5
c2331fd3-9b1d-4279-bed5-b30b0530a8c2,"sekarang cari album yang dicari sulit yang keluar hanya lagu yg saya tidak suka, sudah tidak seperti yang dulu mudah mencari lagu yang saya suka. maaf saya uninstall.",2
3cbd1d6c-4451-4831-a3ed-58e2a58929a7,"suara putus"" tidak enak di dengar",1
317ff7b1-5731-4082-8076-848958c341e6,ok bingitttt,5
1122f2b2-8813-452d-a6ce-5db293c1256d,good jop,5
4807edc0-041b-493b-88de-9a060b6ade6b,kren,5
609f6866-291c-494d-9003-d5d092b8810d,mantap la,5
6b16029e-9963-4218-90d9-7f968293679f,krenn banget,5
7af33c12-e655-4968-92bc-6b48dace7486,sangat bagus,5
98144549-dd4f-41a2-b7a7-9fef828a0c5e,joox semakin di depand,5
a700c08e-2b67-4b17-9a55-7a0f32763f48,bagus cuma kebanyakan yg vip,5
aee29573-2e98-4df9-9825-84b2aa0d9f52,mantafff,5
b4773f90-6481-43a0-aa6d-54abfd0bfe02,bagus,5
32280180-b319-41b3-8b43-6d4714b63f10,Versi sekarang g bisa dengeri lagu yang saya piling dgn lalsan hak ciptağŸ˜¥,5
6ec736a5-0d41-4c51-b743-d88d5f659fc9,Mantul .moga lebih baik lagi..kualitas untuk nex..,5
5f450314-a5fd-485a-90e5-164e809660ed,mantap betul lebih di tingkat kan lagi bosku....ğŸ‘ğŸ‘ğŸ‘,5
a8fe5167-9bef-4f1b-8e1a-22007e3f3b9e,mencari lagu dgn sangat mudah,5
9e9c1dbb-466a-4d13-82f0-8556fe74b3e1,sangat bagus,5
9d974021-aef9-448c-8f75-f732271803f1,bagus,5
29786b10-8d57-45b8-ada7-098158de9a6b,saya suka aplikasi ini karna mengandung Musikan yang indah ğŸ‰ğŸ˜»ğŸ¥³ğŸ‘,5
f99725af-49b2-4915-bcf6-6abd750ab057,pokoknya mantap deeeh,5
1aab61fa-2262-4519-81eb-ee02161413d6,good,5
cf6d29f7-a706-4b57-b0f6-21e9c2349bc1,"udah vip tapi buffering, trus ga lengkap lagi",1
5dfcf619-c797-4989-87e3-2a6464e9d2be,udah 3 taun pake apk ini... betahğŸ‘ğŸ‘ğŸ‘ğŸ‘,5
da351509-e02c-42a4-827e-1ed7ffcfd26e,bagus banget,5
0e0a5e26-b0fc-4f35-a241-62fc0d4d29a0,sayang banyak iklan,2
a00307d7-56ea-4d47-be7c-9cdb10b600c7,moga konsisten yaaa,5
21477a26-9d0d-4411-b78a-21526e687f56,iklan terussss... lagu sepotongÂ² blm hbs ganti belhm hbs ganti,1
e3bca97d-ebc6-4c77-81c0-a07f9f6070d3,aplikasi tidak jelas mau dengar lagu susah bnyak gak karuan mucul layar ny tp gak bisa dbuka,1
b1746884-398b-4213-8849-85419d4cf9e0,"kasih bintang 4 dulu masih coba2, moga bagus ...",4
60f0d2eb-314e-403c-a36e-31420e812817,"Dibuka gabisa, search lagu ga bisa, Emag wajarlah kalah sama YT Music atau Spotify, jelek bgt ni app ... vak lah",1
bf954d13-a64f-41b5-a968-01020f74c26f,Joox music pokoknya asyik dechhğŸ‘ğŸ‘ğŸ‘,5
1b8a0515-d208-42ab-a034-c0616a461844,oke bangettttt,5
595a73c8-9bd0-4d9b-8933-b71d2552167c,"Sejauh ini sudah ok suara jernih ,sudah ok lah mantapğŸ‘ğŸ‘ğŸ‘, masih banyak kekurangan dan kelemahannya tambahin pencarian lagu dan DJ zaman dulu",5
3de2903b-a962-471e-b2a8-37871e6b3114,good job,5
a6498f53-558b-44cd-81c8-6d12344a55c8,apk yang sangat bagus untuk mendengar lagu/musik,5
3afdbc0f-f10f-4dfb-adb8-1b2c199b0e4c,bagus dan menyenangkan,5
ce5ef1ae-0d08-401d-a50f-1af202519f4e,asu banget semua VIP,1
1890be42-d1fc-426d-99f9-a31afc89372d,sangat bagus,5
72c9667e-d7e4-4adc-bb00-2e43eea942b0,bagus tapi aga lambat,4
f25fb327-7afe-4abf-a75d-540aeb795b3e,Just love :v,4
aa1017bc-5be6-4fbf-ac92-7de894b1b9b1,lebih dicanggihkan aplikasinya,5
1150a83b-c7df-4f20-a774-b0f6943317b7,ok,5
5136b07f-5645-4ee0-9867-e3f2bd839ac1,ajiiiiib dan muantabbb,5
68ed7d9f-33c7-4fe4-9de6-b82685f67404,ok,5
1596adfd-7ad9-4356-b615-2d980d5e60e6,banyak iklan,4
d84b1d33-40db-4b25-927b-268c2e69e677,Saya tidak mau vip,1
66a4fa68-2b07-48df-bdb2-6ce9be3df1f3,sangat bagusğŸ‘ğŸ¼ğŸ‘ğŸ¼ğŸ‘ğŸ¼,5
eb9b658c-0f3d-42d9-8fdd-d9fc7e7d54f8,hilangkan iklannya,5
005e605a-8731-487d-858a-19a2d8b5ccd0,dumb music app totally trash.....,1
89b2e7e7-9376-42fd-9aa8-725edbfe02bb,gak lengkap oyy,1
d29dc68e-a80d-43df-bc90-60943da894a8,good,5
bf6519f1-aadb-4c8a-8219-df91ff56e089,lagu tidak lengkap,1
d6a283c8-a717-4299-a6cc-e3e5c5b59fb6,Masih banyak lagu yang aku mau download tapi gak ada padahal lagunya itu populer,2
bf196633-5041-4eb7-a3dd-dea0226138e9,download ulang lgi setelah di uninstall di THN 2022 karena banyak lagu yg gak bisa di putar. semoga sekarang menjadi lebih baik lagi,4
6ac26633-7e8e-476f-b8ad-e088e3c0f77f,sangat keren semoga berkembang terus menerus,4
f97d5897-009a-4599-885f-16e3aa304869,"lagu yang klik' yg keluar beda, malah banyak suara penggadaian emas iklan",1
d1213f2e-8c48-4361-8ecb-8f02e2c6d995,penampilan semakin woooowww nambah mantep buat dengerin music pilihan,5
e204ee0b-71b5-4cae-be80-c070e6a65cc4,"loadingnya lama,masa nyari lagu sma setel musik bisa bermenit2 baru muncul,hp gw ram gede,signal juga bagus,pake wifi juga sama,kyknya berat bener aplikasinya,proses loadingnya lemot,ga bagus,aplikasi burik",1
69bd7c1a-ac7a-4525-82ed-d23ddbb65160,iklan semua isinya,1
d085045c-5552-4a69-a515-33df9e5ee7f4,"mudah di downlod...klo bisa jgn banyak bnyak iklan nya lagi enak""dengerin musik iklan nya masuk",5
a2d9af4c-8319-4070-b38f-997440d953da,Sangat memuaskan,5
a9e30e43-75d4-459b-aeae-5501bf3a37d5,"audionya tetap bening, nyaman untuk telingga",5
6199dd88-198d-4c21-96a3-8063e2d2f854,saya sudah bayar kok masih ada iklan,1
8d4ff6dc-1170-4aca-add3-c9e6b6b4898e,aplikasi rusak,1
2a2e0c67-5840-4012-8650-ada55cca0c18,sá´‡Ê€á´œá´œá´œ,4
8bdc690d-8ea8-4852-a2b8-78979a4a2c72,baguss,5
7ab0f300-913f-48d7-b9e4-54b74d3e820d,"joox sangat bagus,, musiknya saya suka",5
f7f479e9-2bb1-4f94-baa5-c89acca6027a,good,5
9977da73-4cc5-4d7e-b352-8b309ac70c3a,Bagus...lebih di tingkatkan kualitas terbaik,5
160543f5-f128-4025-87e9-7cd4e81cb812,mantaap,5
98e0a862-5de2-4320-97e9-d59e38b6ad6c,ok banget joox ğŸ‘ğŸ«°,5
37d8ddc0-5375-4e8f-9b86-4afab518153c,mntap,5
40d73998-0eca-4521-bdc6-e1c272486e19,Luar biasa,5
4fc0e808-6c7c-4e9b-9415-0c6bdeedea55,lumayan lahğŸ‘,4
a173d409-6ab8-46cd-8e36-c82a5f4a77ae,Baik sekali untuk di dengarkan ğŸ’¯,5
e89c9990-3f66-4c91-b252-c63dd6801d1b,kontollll gak bisa di install,1
f47bb335-d47e-4a41-b3be-760649a79218,nyesel langganan langganan tapi musiknya tidak lengkap sangat tidak rekomendasi mending spot*f* lebih lengkap,1
36df4d69-959e-45b3-b94c-5d5a379a87a9,Joss joxx,5
d51aba1c-919a-43b6-9877-9037257298a1,Tambah Ok aja,4
34cc50c3-48c8-46c9-b377-bf70ff39bb28,Heedeeehhh ..... Mau dengerin lagu aja ribetnya minta ampun. UNRECOMMENDED.,1
e8b2a7cf-b45c-4938-b7a7-41ac1eec031e,aplikasi tolol,1
287cef13-9705-4b01-bc33-6f1320390b52,ok,5
dd31cbbd-c5e6-4d32-8449-e4ac48778b12,nyaman,5
3b3b86ae-b2ac-4e48-9e13-4a8002f00ab5,the besttt,5
963f69a7-6513-46e2-8b64-1e9887a7efab,Saya sangat puas,5
6638b1b9-22ca-4c27-864b-7d5a991b9751,mantap,5
345721b7-2e93-46c1-9771-a4ce142c968d,"Joox udah ga jelas lagi, beda jauh sama Spotify. Ini yg kita cari lagu apa yg keluar apa, tidak sesuai. Disarankan jangan pakai lagi aplikasi joox ini jeles banget.",1
c57b5cc5-1e00-491c-ad18-f5499f920d84,Tambahkan Mode Karaoke Koplo,5
dbbea637-9a96-42bb-84d3-f05dc669dd2d,Good,5
98767b68-a663-4022-8db4-d573721e7b5b,bagus,5
2eb9c976-e929-4721-9369-0724d29ee4d4,blom paham baru pemula,3
7be73c0d-3ac6-477c-987a-3ba4978d0b34,sanGat baGusz..,5
244173e8-aacc-4d90-b7bb-54961c7dcaee,joss joox,5
9bfacbfa-0617-4555-b793-4f9cbaad0597,For all good...,5
97883533-0cd3-413a-8da3-ffceae9936c8,baik,4
3a214696-64f1-4d01-a825-5740365fc759,mantap,5
37bc051f-c492-4f8f-9be7-3232b04ab140,Bagus,5
b388b7ba-1629-4d84-9834-6390cdf23052,bagus,4
8a666de4-1a07-40bb-b652-5b79cb8f3987,Mantap Alhamdulillah,5
5516841f-d162-42f1-9721-63860f091de2,Bagus...tapi belum paham ya .,5
289a98be-af32-4da0-8a46-ea5bf03ebbc5,Sungguh mantap dan mantul...,5
4c3ed739-ed7f-4228-b3bb-efdf5ae5a4ed,â˜ºï¸,5
08602559-994d-4de6-850c-d2b36cbb700a,Kembali lagi ke joox yang ga ada iklan dan gidak harus berlangganan,5
7e6dcd0d-2109-437c-9c6c-971579baf71e,coba download lagi kalau lebih baik dari yang dulu aku tambah bintangnya,2
3f25e476-5f3b-4da9-a12d-705fb5f8f662,Asik banget,5
8f3581b8-7a7c-4327-bb0c-16d5981c3246,Good,5
15f709c6-c9eb-4e7f-a5c5-31d5404db160,Bagus,4
316b359e-0684-47ae-b9c9-8f2994f6c9e3,ğŸ‘,3
198e0235-bf88-4804-8302-343a5041d66f,Banyakin iklannya satu lagu satu iklan,1
dd40611d-a373-4da3-b6ab-ab64d7db5869,"Bagus sih,, tapi kok banyak lagu yg viral GK ada",3
410f1f13-7562-404a-9efd-0167986dc1ce,Very good ğŸ‘ğŸ¼ğŸ‘ğŸ¼ğŸ‘ğŸ¼,5
e62eb0b0-3053-4411-8db5-275530d6a040,asal jangan rese aja kasih bintang 5 wkwkwk,5
ef536131-cdd7-42d9-9394-5e2ae3a2e837,Dari dulu aplikasi ini sangat bagus,5
d9c28872-acd4-422d-b50a-88c36285c6fb,Menghibur,5
bb1d9b97-40a3-4bb2-b50b-35f4070592eb,keren dari dulu sampai sekarang,5
65d0bcd5-2f3b-4660-8174-4b6d30245531,Butuh ruang dan data besar,4
93921685-cbfc-4306-8215-472de89e523a,"Mengecewakan,LG yang di putar gak sesuai",1
7ab6e683-0bed-4bb3-978e-555cff1e78bb,"Kualitas suaranya paling mantap diantara app lainnya, tapi koleksi lagunya sangat kurang ... , mohon di tambah meski hanya lagu-lagu yang sedang viral",4
048a77b3-ea46-49af-97c5-9288023ef01b,"Iklan muncul trus hadehh, trus gtu lagunya blm selesai ganti sendiri",1
39901a93-501f-4f49-8440-ae92072648b9,Saya Sangat membutuh Kan sekali aplikasi ini,5
e7d8a3cb-8f24-4f88-889d-dee157198821,Mantap bagus,5
94b43b99-7fa1-49ff-a89d-599182935548,Good,5
5fc2287b-72ff-4bdb-a818-86562c90e413,musik bagus lagu lama ada jg ada,5
71026d9a-e45b-4d04-943d-e8a95ccd8e07,Keren musiknya,5
a50ae190-fa36-47f8-a287-68d2a9b331ab,Dengarkan iklan,1
7b36c495-97fb-4293-b517-3ceb2d41483f,Mantap,5
5bc038ba-6ff6-4029-b985-5e4cb9fe850a,Sangat suka sekali,4
c7e4b41c-c0c9-46c2-bf9b-1eeba18098a3,Keren banget ğŸ‘ğŸ‘ğŸ‘,5
df7a6228-299d-4af3-9d04-106076721fef,Oke Bg..,5
2b7434ab-9b83-4b50-80ac-ea44c4cb395d,ğŸ‘ğŸ‘ğŸ‘,5
d22d30e1-3ab3-454e-89ef-df5aa7206837,Mantap dan puas banget,5
b2ab2e17-236e-4f9e-a01c-45d3fbdec6f5,"Seperti ini yg ku sukai,iklan samasekali tidak ada Mudah2an bisa di pertahankan.ğŸ‘",5
d7c1e872-80ed-4f14-b0cd-5378a103f9a1,bagus,5
d0bf488d-5b5b-4b7f-85a3-fc21dc70d14f,Mantapppp,5
ee48c604-3316-4031-accc-5b50de888dcb,Mantap,5
5c7fa993-ebf6-4b4d-8ca9-17c53204ffbe,josss,5
dfcc00ba-6652-46d6-970b-688269667275,Good,5
91481810-1aaf-4f52-b3a9-2f2abec5b75f,Download kembali setelah uninstall di tahun 2021 karna lagu banyak yg dikurangi (rata2 lagu di dalam playlist). Mau coba menikmati lagu di joox lagi.,4
d3db814e-c5b8-4533-9d94-782a3147d796,Bagus,5
6af67dc4-27d7-499c-a011-976ac26f9ae5,Bagus,5
de8536bf-c07f-4432-b792-4a53ddf61cb9,best banget and recoment..,5
e370df76-00fe-4c58-b94a-cd7ccba3f609,App yg baik untuk menemaniku,5
e1079584-cc3f-493e-8c60-bf33ab9d6dfa,Apk tolol katanya gak pake iklan..pas diputer lagunya cuma separo..tolol.. tolol...auto UNINSTALL,1
ea37637e-5f42-4d3a-ad2d-26b5db9e3016,Oklh,4
f6ef2706-8b22-483e-b31a-2f2774174881,Mantap,5
1c78de1b-403e-475f-ba90-9ec28f50439b,ğŸ‘ğŸ‘,5
429b9d1d-7744-49f9-90d6-69f0c10fe3af,Top,5
c7d2e0c8-66db-4901-a0b2-ed970d5e5c83,Cukup bagus,5
ec3d8206-e3e8-480d-9422-15f395fa95c6,Sangat menarik,5
2cdd008c-8252-45cf-b247-3ba3a1bf6bb1,Mantappp download bisa sambilkan lagu,5
2ab7931a-17e3-4a7b-893e-a9082dfbc835,saya pengguna baru joox..saya nilai lebih baik dari app serupa.. keerreen,5
ef322c75-ce42-4fd7-9e61-b75280cde4c0,Apk payah eror mulu,1
2743e5c1-0660-43bc-867d-96d3e1d8a5d8,Ok 86 sesuai dengan ekspektasi ada pengaturan suara 3d. Top markotop,5
0ff7a01f-8443-4ab1-b319-bdd3b897d58f,Bagusss,5
c847aa71-eefa-4265-b2f9-7bdde002860f,Aplikasi ini lebih bagus dari pada spotify lengkap hanya kurang lirik saja tapi ini sudah bagus good job,4
857b872c-1283-40d0-8421-35a0ee1ef2fa,Mantap,5
c4fc2867-b304-40ea-819f-ca1d415e8123,sangat baggus,5
993f9e16-3d3b-4afe-bbc5-4e60b8c0c97c,Gak bisa search lagu manual.,1
b2445c07-2476-49a3-a428-0e1ed0c0f712,Mantap,5
536460df-b3a9-46a4-a031-d42a08515ee5,Udah Lama Coba Dari Waktu SMA Kelas 11 Atau 12,5
9ee2c55b-1f24-4650-93a4-104dda3eb7cd,Bru kali nyoba aplikasi ini semoga sesuai yang d anjurkn teman,4
4266196f-f25f-491b-8445-3efcc37485d6,Lumaya,5
9960b07c-0d70-4a22-b90c-6acaf0609fdf,Bagus banget,5
7471fed4-006b-4791-a979-f7fd3843bc8c,Ok,5
7a2e1af6-89eb-43ab-949e-d9b30582765d,terbaik,5
3300d328-b1a7-4234-a245-bdeadd96217e,Mantab di banding aplikasi yang di sebelah... banyak iklan dan harus langganan ğŸ˜«ğŸ˜«,5
399f53fa-5694-4b95-966d-999c160756bd,"Lagu2'y bgus,cmn syang bnget hrus berbayar,dri espek mah kga ada berbayar, tau'y berbayar ğŸ˜¥ğŸ˜¥ğŸ˜¥ğŸ˜¥ğŸ˜¥",3
c5882b6f-d453-4f26-b1d3-3acd7aaff835,Saya baru download JOOX-unduhan sambil dengarkan kualitas ya tampaknya bagus kalau tidak bagus saya Laporkan ğŸ¦¾,5
135866d8-3b42-4a8e-bd42-82bac84ea12b,Keren,5
1ab2c8c4-47b4-4569-81d9-4b4afd09faa9,Ini lagunya pada kemana wooiii.. Kurang suka sama lagu2 yg ada dijoox kureng lengkap,1
dce63cd1-9104-4182-be69-a17062faa439,Terima kasih ges joxx,5
13e193f2-883f-49f1-a9dc-7a76397b3d16,Masih keren aplikasi sebelah,1
8f8b530d-3c58-4203-b29c-fb2ca6ff1ebd,Sangat lama joox nih tapi sah sabar ajah,5
2c569d36-e240-4d26-9a37-b71822a8565c,Ok,5
d7a3501e-1fbe-4483-8040-cd1f371ab7c7,Nie knpa ya musik yg udh saya download tpi gk masuk di daftar musik ya,1
e8bc0544-42b7-4d4d-b20b-980704d9476a,lumayan enak,5
6bf7c5aa-6a91-4e2e-bec5-afe00bc4dce4,ğŸ‘ğŸ»ğŸ‘ğŸ»,5
3ad47b3a-2a2d-4085-9d1a-d04c11cfe6ea,lumayan membantu,5
1739d491-26b0-4ade-8b69-d06e6b5cfddf,Ok lah,4
754d0efa-dd9e-4bc9-9c62-f5ff62657b4a,the best,5
b2b1e6c5-ee12-48e8-b59c-2f8e4092d873,"Baru pakai dan enak bagus.. Aku suka dan senang,semoga kedepannya gk menyulitkan kaum bawah kyk saya ya terimakasih yg sudah buat aplikasi ini sangat membantu saya kerja jd lbh semangat ğŸ™ğŸ¼",5
0cf6e565-4b00-4ca6-a2db-d53d31863ba2,saya suka aplikasi nya sangat bagus untuk sehari hari,5
19f70694-042a-4811-85e0-a4bcb254f7ee,"Daftar lagunya sangat kurang,semoga segera ada perbaikan ğŸ™ğŸ»ğŸ¤ğŸ»",2
63abd86e-aab1-4f5c-b194-23dfe6c7cc73,"pesan untuk developer yang terhomat,apknya sudah oke tapi knapa kok saya kasih b3? karna apk ini laguÂ²nya lama semua jadi tingkatkan lagi yah sekian dari saya terimakasih;)ğŸ™ğŸ»",3
b791dc17-43f2-4572-bd29-98b5804dcb6c,Sooooooooo gooooooooood,5
fbfb4774-b007-4bde-b4a1-3d0fd23fea0d,Terbaik dengerin musik pake joox ...,5
d5fe2740-2de9-4339-a517-bc6268b8d274,sudah bagus dan gak begitu banyak iklan tapi tidak semua lagu ada kadang ada yang tidak sesuai kemauan yang saya cari,4
a8cd5db5-7ca8-429b-bf72-74f9ea55a509,Ok eip,5
ed44d8de-812f-4327-98e5-493f689b8a17,Mantap sekali. Aplikasi terbaik bagi yk suka dengerin musik.. Up the best deh pokok nya,5
2de914e0-9a97-49bf-8ba5-8a26567c4276,sippp,5
c59b771c-aa58-48b6-b203-5b26d9c16a17,Oke,4
4b09f70f-d286-4590-9926-1217eb92be80,Mntappp,5
6fb17710-9a33-4a48-91f8-728871b3f4e2,Lagunya nggk lengkap,1
3f8fe695-4964-4b7a-bda0-486039a234bd,tolong uang saya tibaÂ² ke sedot gimana ini??padahal saya suda tidak memakai aplikasi ini lagi,1
8c0c43de-b9db-4b50-9704-e614c242d499,Ku kasih bintang masih dalam percobaan klo ok ak kasih full bintang,4
ccfa4642-1ffa-4ca1-899c-f0643b6382f0,Pay to sing,1
c7b4fc5b-87c0-427b-9163-9ebe2be07a5f,Dengar musik sangat memuaskan,5
a1e7b03c-17fd-4713-abae-5b1207bb8a8a,Menghibur,5
92caf156-52cf-468a-ad91-a452a122a705,"Sementara bintang 4 dulu,,tapi sejauh pemutar lagu ok sih",4
c7977a85-3689-40d7-9a7c-2bbedbcc562b,MantapğŸ‘,4
59040ef9-1b3e-4966-8578-4573f19d9432,Good,5
1b9c84da-38a8-4bab-873d-c91e41225e6d,Lumayan buat aku tersenyum ğŸ˜€,4
c38bbf83-27eb-4dcb-a9ce-6d5a2da77bd2,Ternyata pakai Buzzer atau Akun FIKTIF buat bikin REVIEW PALSU... bukannya diperbaiki kualitas pelayanan streamingnya. Malah Pakai BUZZER/ Akun FIKTIF,1
c91907bc-8392-42a1-a76c-a85565ee40c9,Bagus tapi ngeprint,4
1fdbd256-ab1c-419e-a88d-7f3048171538,Lagunya suka ganti2 padahal lagu satu baru diputar,1
a7ecb072-c65c-461f-9eaa-d40d1d4c372a,Keren gak ada iklan,5
d1230329-fcfb-4107-9904-9d2dc113f104,Apaansih baru juga download beberapa menit langsung ada update apk,1
38defca1-80c6-46a2-a35c-16f1428d08f6,the songs in this application are incomplete,3
49d584aa-ae2c-4bc7-9cd9-1faf340bd07e,Simpel,5
985da66f-3f24-42ef-9c37-823160c2c621,Joox pokoknya Joss...,5
79be86ce-2aa7-4cda-beb0-230d6d7eff0a,Ok,5
a239bf19-20fd-4ad0-bbfe-e05a375be3e4,"Alhamdulillah banget cuma langganan sebulan, ternyata apk ini seburuk itu. Lagu yang ngga lengkap, lemot, ngebug. Cukup sekian dan terimakasih",1
736deacc-6717-4e7a-8d9e-b2accee65f6d,ğŸ¤©,5
584a8dd7-cabd-46b5-a486-2857dbef05da,Bagus banget deh,3
c497885f-8ca1-47be-86ae-32b06490422c,"Nggak semua lagu ada liriknya, kiranya pas udah VIP semuanya bakalan ada liriknya ehh taunya nggak.sekarang pun di joox kalau mau pke fitur sing harus download apk lain lagi, padahal dulu nggak. nggak sama kek Apk sebelah sebelum premium nggak ada liriknya, tapi pas premium liriknya udah ada. Kok makin kesini makin kesana aja sihh joox",2
238a2ad6-a1e7-4880-a4ff-7e8e5ae2e6c3,Top markotop,5
0a05a143-f676-412e-b3f2-7e12ddd61e0d,"Kenapa sekarang musiknya kok setengah setengah saya jadi gak betah mendengarkan nya, pakai aplikasi ni ribet sekali penggunaan nya",2
ed1470a2-4856-4b4b-b0a8-e95dab73f174,Keren,5
f5568fa8-5b92-41de-be9f-a1b8e2a46a9e,Apk jelek dengerin musik saja harus langgangan bayar lagu banyak kepotong eror banyak coveran,1
39d96e3e-0c7a-4573-81e8-1ef3c0d6ea63,JOOX OKEğŸ‘,5
f8d572be-2683-479d-a75d-18694be62a20,Ok juga,5
6490d376-5a1e-4a80-bb43-cecc4af066a9,sangat bagus di banding app yg lebih banyak promo premium mencekik,5
0e4b95c6-e322-44f2-b190-96b3dea6bf2a,bagus,5
877333f6-e0d1-4842-a4d6-45adb9a1c218,Kereen,5
b4aa5f52-82e7-4f53-9e3d-b7228c5b0680,Jernih dan mantap,5
0e795ed6-da95-4f26-aa37-4e7c69173e52,Aplikasi bagus banget,5
f559a9b3-af42-4a17-85db-9fc62781735d,"Kirain lagu lengkap secara GRATIS walau ada iklan tpi malah sama aja gk lengkap semua lagu nya, di tambah baru buka udh eror di pencarian lagu, mending ke sebelah lgi...",2
cd1cb015-d6d9-4ff2-aea1-1106d9107353,Good,5
2e7b9b40-ac98-478d-a639-844c99d143ac,Harganya kemahalan untuk 49 ribu/bulan ditambah lagunya udah pada gak lengkap semua dulu joox lagunya banyak dan lengkap untuk albumnya.,2
67605041-7b1a-4682-b143-973d1a9507f2,Gud gud gud...,5
5542d6de-7f87-4dbf-a327-83b2310b95f0,"Bagus dan bisa denger lagu sambil download lagu ,lagu2nya juga enak2 ,pokoknya puas banget apk ini.",5
aaeb052a-d185-408c-a7fa-ff84f40d66e9,Apk memuaskan,5
0cc3a25b-2455-4743-a64c-aafb337be5f6,Suara asyik yg versi VIP mantap,5
5cbc7f24-89d3-4f1d-9c9f-f9c21434843c,ğŸ˜ğŸ˜ğŸ˜ğŸ˜,5
8aae93c8-b4b8-46c9-8b33-6ca5f0625379,Ngak bisa masuk,5
34229ad3-6d78-4488-be8f-f43ea81cc0fc,Bagus,5
8e2a0041-c346-4c6a-af02-ebb6bcbc5c7a,kenapa punya saya musiknya ga komplit ya?,2
bdb5ce52-a77f-497c-b711-fe8941641406,Mantap suara enak dan jernih,5
5605ccaa-6e7a-43fa-921c-27245ed68818,"Bolak balik error, padahal udah langganan, sinyal kuat, bahkan nyetel yang download....sama saja.!!! Update: koleksi lagunya sedikit banget. VIP g ngaruh.",1
427a6e13-274d-44eb-b55c-ce493c590e86,Harus sekali berbayar ????,1
534c2aa5-960b-410b-8d72-8bf74500db38,Mencari pengalaman,5
5208a272-64a6-4c32-b1af-9a8d3948ef53,Pasti ada iklan nya,2
bcdb35eb-d693-4e81-a23c-eb352bf0d25b,Mantap,5
72fafc23-ec14-4a08-bb03-5f89289503d3,Bagus lagu banyak pilihan,5
f232d578-6cbb-4491-9b87-9756212e0357,Aplikasi Joox sangat mantap lagu lagu terbaru keren pokok endak nyesal,5
50d2e303-0429-484a-9a2a-d174c1508e59,Musiknya enak2,5
9e58d827-f4e8-4e75-886a-cc312d5d4704,"Joox, selama sy menggunakan aplikasi ini sy sangat puas, karena lagu apa yg sy mau dengar semua ada d joox, pokok nya joox sangat rekomen banget.",5
88819e1e-c28c-4511-8028-59a4c6697684,lagunya ga lengkap malesin,1
86240f3d-c9f1-4486-8276-a9bf15389904,Always best music app,5
723c1d8c-5bae-4c7d-b5b9-b30c6ef2560e,Amazink,5
6d297e08-d824-4c77-a9b1-d4bed691dc73,Good apk,5
4eca760d-a4d8-42e2-b9a8-194b8cb514b7,"Aplikasi GAJE, ğŸ‘ğŸ‘ğŸ‘ğŸ‘ğŸ‘ğŸ‘ğŸ‘ğŸ‘ğŸ‘ğŸ‘ğŸ‘ğŸ‘",1
5e8deca4-b5be-4834-ab28-1b431a054fb0,Mantap,5
acacb001-46aa-4c19-a056-10e7eade2c18,Bebayar. Sedikit gratis nya,1
3df97753-3679-42d9-aa78-3c9212db8a8e,Ok,5
fc7accfa-1469-419f-a314-4c1ae6474d67,Good,5
64fa5af0-8c42-467b-9298-e0faecadea3f,Free seterusnya kalo bisa,5
f9595453-610b-4737-b584-2f75e66d8d82,Jangan berubah please,5
48b75a08-d07e-47c5-9655-0df2ce0dacfc,mantap,5
ae406bc7-756d-48aa-abb5-d4cd4456dbec,Nice,5
81a30e31-2ae0-4f03-8ba8-513f07c777aa,Sangat puas,5
b0b969bc-1b7d-43f0-a41e-86df49abfee5,Musik sepotong aplikasi jelek,1
356c7abd-1140-4dac-bcfb-508df1d93bdc,"lagu cuma 30 detik terus pindah sendiri dan itu terjadi disemua lagu, mantap joox",1
93262ee1-cd9f-4a1b-b3ef-d8c95c941990,dulu sangat enak pake aplikasi ini sekarang kenapa aplikasi ini tidak berlaku lagi ya untuk mutar lagu juga banyak yang hilang,1
c3d59cf6-b1d5-4a07-b8ad-fee21c17ff72,Kakean iklan,5
a98a8e0b-d641-4370-a368-e653c74c1c61,Bagus,5
7c297e7c-64a6-4c0c-a22e-5a51b8be3006,Nyaman bgt sama jooxğŸ‘ğŸ‘ğŸ‘,5
79563cf5-1cc5-4e8e-9ac8-2b7cd454bda9,"Lengkap lagu lagu nya seru,gak bosen dengerin musik di joox",5
e4258776-e870-40d2-ad85-e458f911f64a,Sangat menghibur,5
434840c4-e7ec-4e89-837c-fbc219e6360e,Mantap,5
47163cac-2f79-4b4e-a592-2d5afda06fd2,Hadehhh parah banget,1
da431c66-eebd-4cb0-a041-e7b4b1942f47,Keren banget..ğŸ«°,5
a655e30c-964a-4d18-aaad-01e961264090,UPDATED: Seru make Joox akhir2 ini. Sudah bisa denger musik yg pernah sudah didownload sehabis aktifin VIP dan bisa didengar secara offline sekarang musti bayarrr VIP lagi buat musik yg telah terdownload. Ganti ke apps lainlah saya klo begini :),1
3aa6674c-3640-4197-9723-e74c287261d8,Mantaf,5
a64beb7a-cb6f-4a31-b9d6-9fd87b824c2e,Bagus,5
3e063076-1faf-44ad-b79e-1626862b1bb2,"Sangat baik, gak ada iklan, suara bagus, ada editan ubah judul dan mengatur urutan lagu. Pertahankan hal2 baik ini. Tolong tambahkan lebih banyak lagu nya, karena banyak judul/artis yang di cari, tidak ketemu lagu aslinya, kadang juga tidak banyak lagu2 dari artis yang di cari, padahal artis tersebut sudah mengeluarkan banyak lagu.",5
8a7e2e14-ad39-4642-8e7c-f416485ba70a,Mendengarkan berbagai lagi dengan mudah,5
bd430e28-5fa6-4dc8-9034-5eeda0021e53,Dulu perna saya kasih bintang 5 Skrg coba 4 dulu ya,4
558963d1-148c-4228-a97d-ed2f35a81b9a,Aplikasi nya sangat bagus... Bisa didownload lagi.. Lagunya banyak.. Aplikasi nya rekomendasi bangettt.....,5
d2435011-6802-4f1e-9c5f-60c813eb197c,Mantul,5
8a353b0d-142a-416c-85ad-6b3b9dca8b4f,Good aplikasi,5
fe664d31-df8a-473f-abb0-3990666e22c8,30 detik ganti lagu otomatis.. apaan ğŸ‘ğŸ‘ Pindah saja,1
064aa5e4-5b94-4755-b7e2-282bce1dea44,Sangat baik,5
a53bb40d-56cb-4aa5-95a0-acce23fa5a6a,Bagus! Suka sekali aplikasi ini,5
c09c326c-f246-445a-afe1-582d4cb43b74,Kenapa semua lagu pada hilang semuanya,5
8ac9182d-9ffa-48f0-9144-a360d815fb6e,Waw aplikasinya bagus banget saya paling suka mungkin kedepannya bisa lebih bagus lagi,5
24b04388-0505-4bda-94ee-0db57478fb28,"Mending ini sih daripada Spotify, lebih banyak feature nya gak harus upgrade premium",4
0ff67d20-69d3-4cf8-ac5d-bb7e143a9ba1,Aplikasi yang luar biasa mantap,5
9a09a49e-7444-4b44-ba52-90c1abfbc25d,Aplikasi yang sangat bagus banyak mexpresi kan diri hidup dalam lagu ğŸ¦€my live ATğŸ™ğŸ,5
f94d99b9-67c1-4d4f-bdf5-7bfb75a8cf24,ok,5
a4f8dea4-f015-48b7-8012-2fb9316255f8,saya suka,5
673eecf8-e02b-4c08-827e-dfa85fbde0da,Mantabb jook musik,4
a892928d-ae42-46b1-b7a1-a8e47c863838,Lagunya update,5
072cecab-3aaa-4b1b-ab97-28d819bead1d,"Pertahankan apa yang sudah baik, Dan perbaiki apa yang belum baik.",5
7ee97c4c-c412-40bf-9ccf-2af206ba8d79,Oke,4
cd518c3c-5b05-4f52-9ada-b3d85d9cdce3,Oke banget ni JOOk app. Lanjut unduh. Terima kasih,5
96fbd125-50f0-4d00-976e-aaa10f080792,Cara lain biar bisa coba free listening,5
4fb90e65-472f-44e4-a59d-e47f3e5ae546,Baguss,5
64febe0b-809a-43a6-8317-913b1bb318d3,Mantul,5
91183791-5a1c-40c9-a93d-895eeae94d1c,Sngat bsgus,5
09f7b3c3-9679-4a58-84b4-4dd92412fd0a,mantap wes pokok e,5
98975238-9019-4819-8331-523841a08a1b,Okeyy banget trimakasih joox,5
959e6cd1-4247-41d1-b6ff-d27ef600dde2,Lagu2nya keren2...,5
485f3fe1-56e7-4003-a15d-4d4a697efd25,Jelek banget,1
d7a3d4c0-0d07-4004-be16-a6cf3ecc2de5,"Good lagu""nya lengkap",5
29d4a880-a174-4f88-a7d6-188f7590f665,Best,5
d54968d3-7ae4-4832-9ad2-5096e21e480b,Harap di prbaiki lg biyar makin bagus ...sekarang semakin susah dengerin musik karna semua vip cuma sepenggal musiknya gak macam dulu,1
f18ee17b-4835-458c-a98d-c655c151e403,lagunya ga lengkap,1
acccfce5-a41c-4ca2-8e27-1e7ec5ccc083,saya akun non premium. tapi apakah adil ketika saya mau denger lagu si A tapi muternya lagu si Z?,4
b2f57cce-ec24-43f2-b253-4d5c020e3592,Mantap,5
21b4a489-bdce-4a23-b502-20567d94c01b,Mantap,5
9444ffbd-926b-40b9-aa22-f000c98d29ef,Ok,5
dd7074dd-f44b-4113-bf7c-8842d4294bf9,Good,5
be3373d1-e24c-4e22-8d5a-e87415f426ed,Top banget,5
9722bdb8-014d-44e6-a871-af2319be70f6,bagus,5
bc327082-9b57-4a0e-9c5e-d8c5b71090a3,"Dulu pernah pake joox dan akhirnya coba download lagi walaupun liat review kebanyakan review nya kurang baik dan ternyata bener. Aku putar lagu barat dan mau buka yg lain lagi nya berhenti sedangkan putar lagu indo lagunya tetap putar. Daftar lagu ga lengkap, banyak lagu cover. Seharusnya app joox memperbaiki masalah ini demi kenyamanan pengguna tapi nyatanya dari dulu tetap ga berubah. Apa boleh buat akhirnya ga sampai 5 menit saya uninstall lagi byeeeee ğŸ‘ğŸ‘ğŸ‘ğŸ‘ğŸ‘ğŸ‘ğŸ‘ğŸ‘ğŸ‘ğŸ‘ğŸ‘ğŸ‘ğŸ‘",2
4cf15fac-71d9-4330-8168-e8ec17d2f901,Apk yang sangat memanjakan telinga..ğŸ‘ğŸ»ğŸ‘ğŸ»,5
3c918bdc-5f88-4451-b442-384b2a7f5875,Mantap,5
d6f475ea-4b24-4d3a-8ffc-906966352057,"Kasih 4 dulu,mantap musik ny ,asyik2 lagu ny.",4
40957965-4742-475e-a63e-e4716315cabf,Keren sih apk ini,5
4dad5b60-85e7-46cc-9b04-e777a48d3c81,KerennnğŸ‘,5
46f90447-f9cd-4cb6-b158-4758c2ad5269,good,5
2568db09-ca35-47bb-9f9e-6e5093294a2b,Bagus puas,5
90c313c4-6396-4c9c-a141-c3f1dd0de4bc,"Jelek, banyak banget lagu populer yg gak ada di pencarian. Khusunya bagi pecinta musik rock, metal, pop punk, hardcore. Aplikasi ini hanya cocok untuk jawirÂ² yg suka lagu jedag jedug buat sound horeg",2
aa17e217-a40a-43d9-9943-ba014af521c1,Oke,4
793db7a6-5491-474a-bece-1268d7055194,Mantab tingkatkan,5
c7a6250b-95ba-4c96-acc8-188650789ebc,ğŸ‘,5
59efca1c-9ee4-4906-b443-8a2ed52082f4,Semakin asyik,5
1a628964-179b-462e-b41a-e2f5dc81e7ed,Kok gk bisa daftar masuk yaa?,1
74bd2e59-fcf2-4b62-b9c3-60a868933f55,Ok,5
21dfb09c-9559-4f2d-aaf2-059ad030875b,Ok sip ğŸ‘,5
8b3513d7-2f1a-48d5-9264-63e4183ae409,cocok ae,3
7f946be3-2a56-4c30-8ab4-7b92b380f64c,Good,5
39de7356-9b2b-4233-a4ec-c20d9544bb23,Ok,5
04a8eb34-3ccd-40f4-ab2f-f6bc3e8d77ca,Apk mantaaap lah,5
28693ce4-4e11-4c4b-8e5d-38c463855308,Untuk aplikasi si saya suka sebenarnya but lagu nya ga lengkap jdi bye,1
c75eac87-33ab-4e01-81cb-f28ac412da44,Good,5
cdd5c282-351a-4db5-8180-d18c3a0b6973,Mantap,5
d5bda255-6e0c-4f64-b6b1-ccb6e65025ee,Mantap,5
2fca4237-1a3c-447a-a1b9-bdd40f629429,Good,5
a6e5da33-a2ce-4c93-acce-492b36267053,"Ngapa boss ,, sudah di dounload tidak muncul di aplikasi ,, kesal jadinya ,,",1
be6593c7-421c-4131-b625-f3a28ce4fbd5,Aplikasi ini keren banget,5
2bb38d26-5784-4655-bd4b-eaf129d8722f,The best,5
e313f7ea-4f8d-49c6-9228-f077672971ff,Musix Joox biang pokonamah,5
4067a5aa-4325-4601-8cc5-974064fca654,Good,5
2d28c9c0-d06e-425a-8ca6-316306bfa141,Mantabbb,5
330fd934-825f-40dd-a0d9-f40a7d0c4332,Bagusss,5
3fd0c3e5-a18a-4a62-bade-7054c76f37e1,"Good nya pake is very"" Good",5
d07ef2d9-9667-4801-b22c-71505a60d2ea,Good,5
46d8915e-1755-4670-a566-013fae46feaf,Bagus,5
f9cbf475-966b-4cb8-b026-a645848afa5b,Parah lari2 lagunya terubah sendiri,1
290d8005-da1b-473d-a628-7bda779c2839,Mantap X to play your all songs,5
e05d9e98-87dd-4a66-8596-3591d112db8e,Mantap bos q,5
6e1e0bf4-fee6-4fb4-9ecb-a6a8b3d18b06,Smg saat offline masih bisa dengar music nya...ğŸ¤”,5
33768228-9649-4412-95ff-4fc352a142d2,dulu sering dengerin lagu lewat apk ini setelah pakai android lagi kenapa harus vip baru bisa play music alamat uninstal lagi maaf,1
f0e5bb83-8652-45d8-88f7-3297316fd86b,Bagus,5
08e273d9-4dcf-475b-a0d8-aba8da59a74d,Joox is the best,5
9a7779b6-80f3-4f8d-a0cd-9bb09c58981e,Matul bnged,5
2f2e645c-8294-4c65-a040-8beb31e0a021,Keren nih aplikasinya,5
8817cb1f-437e-470a-83b5-669b2925ef0d,Joox ga ada lagu Lady Gaga - Abracadabra???? Ga asik banget joox ini huhuuu,1
7db9cc79-a16c-4c19-ad5d-a197666bbdd4,bagussss suara nya mantap,4
bcac95b3-291e-4641-98df-088c42008594,Mantap,5
f8058238-1ddf-4b87-bf91-02b2fe2ad198,makin gak jelas !!!,2
44e842df-ea02-43ca-a1ad-d79a54a3ac57,The best,5
ef55ed7c-8420-4f8a-94f2-7e550229867c,Kembalikan joox seperti dulu mungkin akan ramai kembali,5
c2d6ab7f-d704-472a-9971-cbf95935b7e6,"Tolong kasi tahu gimna cara berenti berlangganan dengn aplikasi ini, kalo ada yg tahu tolong bantu jawab please.., susah banget berenti dan sudah di uninstal tetep aja dipotong payment",1
8b3f6917-7f5c-4e7d-92fd-9e39580110fe,suka,5
3e849485-3f8d-4f4f-8f52-cb6d48a03f11,kebanyakan iklan,1
45c3e9b9-2019-4d2e-a7b7-4aa28162c5e3,Good,5
f37258d8-964f-412e-aa26-18ede7e816c3,"Aplikasi sampah, udh langganan buat 3 bulan malah gak ada sama sekali lagu yang disuka, sekelas raisa aja gak ada lagunya, JOOX ini marketnya buat yang suka lagu dangdut sama cover coveran doang, mending tutup aja deh daripada nge scam lebih banyak orang ğŸ‘",1
059d74b8-c060-4f04-b367-57049a0ca158,Joox udah miskin ngemis vip,1
e062720b-a2bd-4ae5-8b7f-4fae63f9c4f6,Mantap,1
2eab865f-656f-4745-bd3a-d5a70b72f3f9,Gak lengkap,1
06698713-7df2-4daf-92c4-dcd1ac5d7c73,"kenapa joox sekarang jadi gak jelas gini, lemot, padahal koneksi gak ada masalah.. server mulai bangkrut",1
c5e02f55-90bc-47dd-9641-d07950c7dd5b,"Keren Dan Mantap Sekali,, Untuk Sambil Bersantai-Santai..",5
99bd05fe-616f-48da-80d2-13d8ffcbee2d,Mantap,5
348bd142-3eac-43f3-aa16-140039e04d16,"Bagus, kalo bisa jangan premium",5
abfa0fd2-830e-44c3-8a84-5577a725dbd1,"Apa"" bayar jelekk parah",1
6eca4b50-6318-41f6-82a8-d49073b80dc3,Ok,5
7e9a5a1e-d49c-4ffd-a99a-c8dc20815e14,Good,5
90b6b8b3-198a-4609-8b10-c5ff63be93e5,Masih mengunduh semoga sesuai ekspektasi,5
dcf04dc4-721c-49ef-b9ac-d444ade90582,Ok,5
e642c233-a2b9-4075-9b1f-31fd227cd35e,Aplikasinya kren,5
ed16e2fa-c17f-48ce-9beb-ccbbf75047a7,"Lagu baru di putar sebentar dan belum selesai udah pindah aja lagi, gitu aja terus. Ada yg tau kenapa seperti itu?",2
8f96dba2-dc13-4b5f-884b-244b123db1de,Sangat mudah,5
2cc57f0d-fb0c-4467-83b4-97a294663323,Cukup lah,5
503c3006-fbce-4dfc-8dd0-1aef19abad76,Sangat bagus,5
9eccb1e6-aa48-41bc-aa6b-ffed6c5c4db2,Joox terbaik dan menghibur tingkatan terus jangan putus asa,5
6137cac1-3a89-4741-9aca-7d40311194a6,Taaaaaaiiiiiiiiiii apk mutar2 aja ngak bisa di buka,1
ad1eb410-b24f-41c8-960a-cf184e76323e,Bagus,4
1dd690f7-b390-4fbc-b4d4-541a380d0bd9,Banyak lagu yg saya cari ga ada padahal band top Indonesia,1
56592116-eafe-4696-9ddf-f6bb83c49d01,Mantaf ini aplikasi lagu apa aja ada semau kita,5
bceaf488-bc3a-4094-aa8b-81e6f8aa7b00,keren,5
ea86b6d1-e6b7-48a9-9561-ffc3564e5e7a,Aplikasinya Bagus.Banyak macam musik komplete. Tetapi ma'af belum bisa diunduh ke file diperangkat hp saya ya. Terimakasih wassalam ww.â˜•ğŸ“ºğŸ“¹,5
ae23c4bf-b821-4605-815e-69c95e41c35b,bagus sekali lagu2 nya,5
9004912a-4b35-4b53-ba66-0be1389d9ff7,makasi telah menghibur hati yang sunyi,5
8b792c5c-5f34-46b4-aafb-638cb01fbd4c,Aplikasi tidak berguna,1
daa11cb9-b010-4cd0-a5c7-f019709bd121,Joox sangat menghibur,5
0b858ed7-02f4-4656-aea7-f77c24cc75b2,"Overall apk busuk bgt,buat search nya lambat bgt kek keong buat kualitas suaranya ok padahal. Mau daftar vip jdi kerasa sgt ngk worth it tinggal tunggu tanggal tumbangnya aja sih klo gni",1
3e065720-3d98-4671-9467-3dd198fa1fd2,Bagus,5
f7211d1f-969c-4ea5-82d4-03822a00366b,Bagus banget tetep konsisten ya joox,5
28e5219d-f9bf-4409-a2eb-381b390e9815,Payah,1
4ad2770d-1cc0-4e4e-856a-1c171872b86b,Good puas banget,5
251f057a-ac9f-46cd-9ad2-68250dbb9847,"Aplikasinya enak si, hanya saja lagunya kurang lengkap",3
e8580d3a-5b2d-424e-84e6-87686a12cb2b,Tolollll mutar lagu nya gk sampe akhir. Cuma bbrapa kta aja udah pindah. Afk gak jelasss,1
35a39309-1d38-48d5-ae93-3c3b7a8810b8,Ok bnget,5
69b7d693-6391-459f-af48-ab1d93d90722,Mantabz aplikasinya sippppp top markotob,5
00932cf3-3aeb-4278-bd34-0bf9472e9844,Saya suka tapi lirik lagu nya sering gak jelas,5
de020709-6648-497c-a97e-7252b4bfb7ae,"udah bayar VIP gatau nya artis yang pengen di denger gak ada, aplikasi sampah !!",1
a8db389e-da12-4670-b13a-cd44c57dd583,"udh lagu nya ga lengkap nyari lagu gaada, tibaÂ² saldo kepotong sendiri 50rb tanpa pemberitahuan ga worth it juga 1 bulan 54rb tapi lagu ga lengkap banyak yg gaada",1
042cd5fa-9a12-4805-83c4-0745ac6fe1f4,Saya coba dulu bos ku klo oke saya tambah bintang x,4
b1cd986b-4926-4e16-8604-2869c04057af,Apk yg membosankan,1
e37a7bd5-f4ba-4497-a394-f02fedf9ce1e,top bgt,5
071dc703-7516-4de8-8076-78ea2e56975a,"Mantap, music sangat jernih, Jadi Suka Dengerin Music.",5
06483c89-ca7d-417c-8b23-2a1869f50f4e,apa jelek...terlalu banyak iklan..,1
430bc795-011e-445a-97c7-4c9be52fb1b5,Ok,5
50045ecf-3489-44fa-a78c-f4e0ede0f0d4,"Gajelas kebanyakan lagu melow, lagu metal sama lagu rock nya sedikit Udah gitu kebanyakan di remix Mohon di teliti lagi untuk lagu nya Sejak kapan lagu metal/rock jadi jedag jedugğŸ™",1
8a4b0a36-c241-49ff-a1bf-4bcc76206f6b,Sangat suka bangat ni,5
eed00010-fc5f-43c7-8161-4066ebf00669,Aplikasi Miskin koleksi lagu.. Apakah joox sudah bangkrut??,2
126034c2-2cd6-47ce-87cc-596fde9999aa,Bagus,5
559b81ab-054c-449a-a450-6853e2743cef,"Kurang lengkap, ditambah sekarang makin ribet VIP kaga segampang dulu",1
83784f5c-9ba4-4e7a-a875-c1c7daa3592c,Ok,5
c9977cfe-9b40-47e0-80e4-78983a98e9b3,Min mau tanya? Aku cari musik pop Indonesia ko g ada padahal dah berlangganan cari grup band yg kita mau g ada gmn caranya nya saya kasih bintang 2 dulu deh soalny pelayanan ny kurang puas untuk pencarian musik yg kita pengen..,2
dabbc4d0-f4ee-4d1f-bb2d-39f279c52418,joox bagus sekarang sudah jadi gudang iklan mantap terus muat iklan nya lebih banyak lagi supaya dengar musik nya enak ğŸ˜€ğŸ˜€ğŸ˜€ğŸ˜€ğŸ‘,1
a90c9d0e-a2af-4b32-bfad-014c1d447dd2,sebenernya saya dari dulu kalau naik motor sering banget pake joox enak bangett nyaman. kalau misalnya saya ga pake joox mungkin saya duduk di tank atau bagasi;(,5
a58ad826-711d-48f2-a0d4-8f29b1c5e22e,"Aplikasi sangat bagus, ada liriknya dan bisa sinhsong",5
78ec3e31-67ab-49b8-93bd-39352b6655a6,baru jga download pas di putar musiknya setengah2,5
c470c6a4-32b3-47ca-ac19-487cdb442d1c,Kurang lengkap lagunya,1
57860a76-f328-4ab8-aaac-351ce0d79fd6,ğŸ‘,5
41475c81-4b08-401e-ad17-4f90bfc20671,Keren banget,5
33c33b4b-a64d-4c94-978d-9ac6608432a6,Saya sangat puas.,5
dc45458d-1e0e-4cb9-9d9e-176a59d8f511,Satisfying,5
028578c6-fc7f-4808-a763-7a80e2dd08dd,Saya suka sekali,5
4a7f67f8-d86c-4667-81f6-dfd493d2061e,Lagu nya ga Update,2
111baf06-4b67-4fb1-b237-ba8941cc2b20,Keren,5
3dc8c098-a281-4485-93ce-8910c541a425,Sangat bagus untuk menemani pekerjaan,5
8b5db9b2-e99f-42c5-9ef2-df82df88e138,Bagusdddd,5
061b0a14-8fa2-4878-b172-03940e464c80,Gw udah pakai JOOX dari awal muncul ... Sekarang bapuk,1
fb7b506c-4d5b-4400-b11f-ef30e46def49,"Gasukaa sama lagu lagunya, jamet semua, beda bgt sama spotify, walaupun ada iklan ngga sebanyak joox dan rekomendasi lagunya jelek semua, sampah.",1
48383342-a34c-4909-89e4-c1919546a5e7,Sangat bagus,5
c27b66f7-f42a-4a10-b34c-f805fd703518,Mantafff musiknya bisa sesuka kita pilih,4
345f9dc4-ebe5-44c5-9cbf-1c7a3fc3d293,Nice jooX,5
40b623bc-3c05-46db-a8e8-2c7331f83664,Enak banget suaranya jernih,5
411d515a-ee40-4bc2-b402-bf3b45cd0f0c,banyak iklan nya,4
018ad478-d27c-43e3-9d23-d63db8a40c54,Sampah,1
83cf1757-26f5-43db-a77e-8151ca18600a,Mantap,5
b572d777-1f64-437d-ab47-fc0d4635cb5d,Ok,5
c6bfbb9f-752d-434e-a965-b840a2706779,Bagus,5
91dca0f3-f09c-4584-a2b4-2ff4e531a495,Gooddddddddd,5
ec3a8f44-2538-49ae-bdd4-67064bb796b5,Sangat asik apk nya,5
0fabcff2-3252-4a2c-866b-3606a3e4c394,Bagus banget,5
cbfead60-3d6e-4cba-b4c9-4c43b69c5e55,Keren bisa ngesad dengan nyaman tanpa iklan pula mantap bang,5
f1bd39a8-a32a-4ea6-a8bb-e8ecec4c1ee7,Sangat senang,2
291b4901-62bc-4184-9383-34f565c2a805,Keren gratisan,5
e1ce6d2c-6e99-4b0b-a879-e567aba1baca,Ok,5
47962f41-f346-463e-ab6a-20198909fb40,mantul,5
0c02dc58-146c-45b0-8a82-8bc70a43f31f,sangat bagus,5
0f151361-9207-4e7b-95fe-e07d2797d042,Sangat bagus updatenya juga banyak fiturnya,5
8bb9c468-ba2a-4ff4-b433-be580f5face1,Suara keren bs shuffle,5
90027564-12b7-407c-b36a-d5230687f566,Knpa joox susah sekali mncari lagu pulihan yaa..,5
2fba3425-6c3a-4bc4-82f4-2ef315de9d1a,Good job,5
885aeaf1-321e-4b8f-bee1-2348d0399e2d,Tolong dong di perbaiki lagi aplikasi joox nya music nya kurang lengkap,4
00f9ad50-9e81-4304-9159-d172762b09ca,Ok,5
0e5a79c6-efc2-4f76-8c74-6844ba6d56f9,Aplikasinya keren,5
bb001ebe-9078-4908-864c-f09161bcf74a,Lagunya kurang lengkap,1
9a710f02-054b-44e8-966c-93a62354ae62,"Joss lah,,,",4
cbd9d0ff-9447-4cf1-beec-fef3c5197d99,Dari 2016,4
57167045-46f2-4bc6-9eef-c5cbc27e2e11,Joox ok Puas demgar musik di joox,5
6b974cae-9a0e-45da-8cb4-5c8831f6d1ae,oke,5
b2d3c474-ddb1-4435-9b9c-7a0e143fc39e,bagus,5
c4d59ada-0c4d-4d50-a82b-47ae0dd72067,Sangat bagus dengan aplikasi musik JOOX,5
85a18de2-22d9-41f3-a7db-6ec040aac76b,Banyak lagu baru viral yang ga tersedia. Padahal gw udah akun VIP premium. Pengembang harusnya lebih konsen lg,2
76bdc91f-d31c-4017-92a1-2a2c0af40f51,"Biar bintang bicara, pokok nya mantap lah",5
2100fd85-a6dd-4ec0-a186-cc5d0885f3b4,Waktu santai utk dengerin musik mantaap makin keren,5
fd425f26-03eb-41d9-91fb-bc2a0ea2c175,Pengalaman musik terbaik,5
d85745a7-47e9-4007-a271-924f0382bcdd,Joox emang keren,5
f7cee8d3-aa0f-4e1c-9391-2e4fed3ffc10,Joox Is the Best,5
eaf53016-4285-4c3c-8627-ae48cbde4e9d,Mantap,5
a7f849f3-ca98-4d33-8c03-9c00c1ec7bdc,"Aneh aplikasi lagu tapi lagu nya ga lengkap, bahkan untuk artis yg terkenal banget sedunia aja masih ga lengkap",3
49c9cf75-44ef-448c-a632-8337a5e0e2a4,good,5
a4bc9fbf-4ae8-4ee0-9a67-b654f3221624,Enak kali putar lagu,1
c52c5685-e633-4893-81b9-84d2abf4a3a0,Ok,4
abfce0fc-9258-4957-b6b4-c9808f25d6cd,Bagus,4
44f60bf2-cf94-4785-b976-0e664d80db70,Bisa dengar musik dengan tenang,5
52c8e60d-6afe-41c2-a206-9ba3b45773b2,Aplikasi yang paling bagus banget saya bisa mencari lagu yang saya suka.,5
e201bd5c-5752-4641-9232-38add605c338,Aplikasi sudah keren pertahankan !!,5
dc483219-887c-47f1-81a0-f98fff7afe81,bagus keren jangan lupa dengerin mariachie band bidadariku yağŸ˜ŠğŸ˜ŠğŸ˜Š,5
72697e14-4594-4814-bd96-2994c38f8505,Mantap ğŸ‘â¤ï¸ğŸ‘,4
4de52238-e5c8-4043-9b6b-d4a571f6a104,Asik,5
ca331f78-1343-4859-99f9-51b9f9bd9a6f,Suka musiknya bisa didengerin dengan bass sesuaikan selera.keren cm kadang ngelag sih,4
0a716e11-9c90-4fe5-b076-bf958ea73a20,Good,5
764172f7-1bdb-4936-8940-2984308563df,Nyesel gk download...! Aplikasi Musik Paling Keren ğŸ‘ğŸ¤ ,5
47d669a1-1f4b-49e8-bd0c-5987ff120438,Bintang 1 uninstal,1
e39b2ab5-0366-494c-965c-2017766e9a12,"Aplikasi cacat banyak lagu gak lengkap lain dicari lain yang muncul, agak lain nih aplikasi. Pihak joox tolong perbaiki lagi aplikasi ini biar lengkap lagunya",1
307f9a7e-c834-4a82-b264-83ee1a3241d2,JOOX BEST OF THE BEST ğŸ˜,5
fad2212c-3d03-4286-9341-254ba7f119fb,Terbaik ğŸ‘ğŸ’¯,5
66e1ce49-9cc1-4258-bb09-ba9249f4aa7f,Josss,5
4c70316c-bc77-4a1a-88e3-431fcf4f63c8,The best,5
96e3d519-d8f0-4029-8630-0b586996bc86,mantap,5
2b378bec-e613-4f3b-ba08-8d3311337834,"ğŸ‘ğŸ‘,,,!",5
2de833f6-4bda-48d9-bac9-bf06b8d5acff,Bagus,5
f281021c-60b9-4890-96ea-91eb3c99598d,Saya tertarik,5
c4f7bea2-e957-4875-9c15-49695cfcb384,Ok,4
e1ddf67c-4370-4d8b-8dab-ae4619fefb1e,Lumayan baru coba sh,5
f13d1397-181b-4267-bcef-7ad7bed9393d,mantaf sekali,5
c2b1fe58-9829-426a-a906-42489bb94dfa,Jos,5
b07e2b72-31d0-4ba5-bc0d-deae14a27fa6,Tingkatin terus kualitas nya..good a job,5
aedd215c-e499-4799-9fe1-b145d3b12773,So far baik baik aja sih dan Yap aku suka,5
885412c6-b868-4ed5-b473-86f92a1cfcbd,ACl Gametofit,5
a06378fd-bf0d-4c6f-88a7-8434b7df6bc9,Mantap,5
9f91379c-0cab-4994-bfe1-5a0db3810b1e,Baru daftar langsung disuruh vip dan lagu yang dipilih pun vip,1
8c4d7d6b-539f-43a4-925b-16e16942d859,Okey good,5
918bc9af-5f2c-46fc-aa0a-8263be5b4d62,Keren,5
dc7e341b-386e-4826-817a-c3f5a53f683c,"Gak lengkap , lagu2 cover smw yg banyak ğŸ’©ğŸ‘. Ampas",1
07dec0ff-7365-4a99-81bb-15486a832868,Bagus bagus,5
721ac93b-6379-4585-8249-66963b24965b,Keren,5
759efdab-3881-4f18-bab7-cd7e09575e8a,Mantap,5
9bf2e606-ab8c-403e-aa21-9ffaaaeeb62e,Boss very good,5
434961e7-0f70-47ea-bcd3-fdb03bc3301f,Baru pertama download bagus bangt,5
90fd33a0-a67a-4f93-9f4b-236a659f2df4,Kok ga bisa di buka sih,3
7a445127-51cc-42a4-9b7c-a7500e6b1b5a,BAgus,5
7f0419b5-9b41-4c35-9e74-614df21b7644,top,2
6b1e0c26-4301-45fe-baa6-1080e9a5d6f3,Loadingnya lama bener kalo nyari lagu padahal jaringan udah stabil device udah terbaru hadehh,1
44eb7078-c6d2-4377-ad29-3b7b96ddf8cc,Lagu gak lengkap,3
22b3b6fd-cfba-43e0-9877-dca5037eb82c,Sampah ni.,1
f9a4855c-6b52-47da-95c3-c3296a3b1a8d,mantap,5
49a3cdbb-a622-4f82-a33a-82941d389bac,Oke,5
cf22a870-d924-4783-b420-bbaeff0f0d7f,The best,5
cbd86569-61ba-448d-b27d-815ec82a67ca,"Apakah manfaat dari joox dekstopğŸ¤£ baru login langsung ditodong harus VIP, kagak bisa ngapa2in bjiiirrrğŸ¤£ğŸ¤£ğŸ¤£ percuma saya download",1
8abb4550-5e18-4561-8fdf-2509fb1aa145,Bagus,5
5231c05b-0422-4394-9b59-386ae29cd552,Mantap,5
e201aad9-cc60-42d6-9180-75261134a3a6,"Udah vip tapi lagi ga lengkap, ky lagu LP Av7 ga ada blink 182 cuma 8 lagu hadeeeeeee",1
a09efe6f-6a10-4665-ba8b-c2ba8f3e00e1,Aplikasi yg lumayan dan mudah dwonloadnya.,5
22368713-d8dc-43e2-8a16-d7a294f284d3,Bagus,5
f7a448b3-09ca-432f-bb63-02f499dd208a,"memberi innovasi baru di App music, dapat menggunakan App lainya sembari mendengarkan music, mantap ğŸ‘",5
4c4ec050-b66a-4b23-b47c-5390635a9a1a,Sebener nya aplikasi nya sudah oke.. ini download lagi soal nya keren,5
9dcd6fed-5398-41e7-a897-fa1513df9f65,Nice,5
a9f5052c-974a-48bd-a33b-c1791c2dd05f,"Masih aja banyak lagu ilang, padi, ungu, noah,gigi, sheila on7, dan semua lagu jepang gk ada. Masih busuk aplikasinya.",1
0ac768ee-ffb1-4067-97e4-a5fd56c18acc,pokoknya mantap,5
2a1bde85-0e31-4b19-89b9-6be24bb99e93,joox,5
8f75bc5d-9578-45e5-abaf-8c48260a0ebc,Ga bisa di buka,1
d8b58f72-a93c-4ebd-8c2f-d0a8b2aced27,Sangat baguss,5
afc1ce2b-d6c8-4c1a-af32-0cab25f8a706,Mantap,5
4152f5d2-eaf7-4e79-aa3d-950ca70f55ab,HaiğŸ‘‹ untuk semua pengguna apk joox!ğŸ˜€ Apakah mereka sudah tahu arti makna music? Aku beli install apk joox sejak pada tahun 2015 melalui heandphone canggih.,5
818ae5c6-fb35-4fa3-bfb0-5153748253d4,Iya,5
9872fddb-8138-4b6d-8c90-a2cd4bfc33cf,"Aplikasi kikir,banyak lagu VIP,harus langganan dulu",4
ed0a4e02-6607-459c-bc3a-e047ff4025fb,Jelek amat,5
eb5c7ea3-21be-4d6d-9c0d-ad25080a8b27,Dari segi musik bagus bagus tapi sayangnya lagu yang saya cari kadang kadang tidak ada. dan apk ini bisa di pakai offline karena kalian udah download lagunya selamat mencoba,5
86dded21-3014-42bc-b32b-ec1145138509,Kenapa sekarang semakin di persulit untuk di bagian music gratisan,1
db8867ac-0f73-4022-9d3b-96269ef2a8c7,"pelit amat sekarang. Kalo ga langganan vip gabisa musikan, dulu tetep bisa puter lagu full meski sesekali ada iklan. Ini sekarang parah sih harus vip biar bisa dengerin lagu full. Bye joox uninstall",1
6d1e4f59-fbd9-43c4-941d-6bbeb3825f0c,Tidak seperti joox yg di awal. Cukup share bisa free vip,5
c9805d66-cfb3-49a4-8d52-baef2ef6a39e,Keren bgt joox sumpah dah,5
5b9696e7-2b03-4829-937c-9df03a8025a3,Aplikasi gajelas lagi play lagu tibaÂ² ganti lagu sendiri. Kocak ğŸ‘ğŸ‘ğŸ‘ğŸ‘ğŸ‘ğŸ‘ğŸ‘ğŸ‘ğŸ‘ğŸ‘ğŸ‘ğŸ‘ğŸ‘ğŸ‘ğŸ‘ğŸ‘ğŸ‘ğŸ‘ğŸ‘,1
10ac3432-2612-4f52-9cff-8f92a8869e7b,"Kalah berkembang lu sama aplikasi sebalah, lagu ga update ada pengurangan lagi pula, AMPAS. Mau stop langganan aja ribet, udah gua uninstall apk nya tetep aja kena langganan. Ke pake juga kaga aplikasinya",1
e5d01c59-7497-4c9c-8650-80a971c9522d,semua aja harus vip Cok,1
86f99adf-15f5-4e0b-8d3f-6e3d7b879f24,Banyak pilihan lagu dan berkualitas dan efek suara,5
f9a4fd15-592c-49a8-b477-10111ab33409,"Sorry saya beri bintang 2 , tdk puas dgn aplikasinya , saya keluar dulu.",2
bef93575-cf1d-4a54-a61c-4fee6aeab8ca,Kereennnn,5
b5358a6b-101f-46dd-ae2b-5d2df19baf9b,Tidak sesuai apa yang diputar,1
a38c930c-1aca-44e8-ad36-ae7d4dd44d1b,Bagus bett njir yaaa.. Walau agak dikit lag tapi gpp lah yg penting kan bisa download lagu ditambah lagi bisa putar lagu secara online & offlineğŸ‘ğŸ»ğŸ—¿,5
46f766e6-7927-45eb-9e92-d4db9a6503d2,Mantap,5
63f696ec-3470-49f1-b438-698984fe093b,Gampang nyari lagu lagu,5
0a855674-71bf-463c-94a5-7b822761dd85,Really want to be a good day at work now so I'm going to bed soon as I am going back and get some ğŸ˜´ tonight .,5
e7296a3d-b04a-4522-965c-4a0f53fcabc9,"Sayangnya penyimpanan tidak bisa di pindah ke kartu memori, seperti yang sebelah.",5
99c1b251-e589-4095-b4f5-4906f3a68d7d,Gokil,5
318c0e51-bf55-452f-a826-fb7fb0baeb5f,Suaranya jernih,5
379c9bba-303d-47d1-8596-fadf56affb27,Tidak sesuai,1
153febbb-a846-4ab5-87f1-8abed0e43676,Oke,5
35efa4b5-b887-4071-86de-422a2c498a48,Pindah pindah playlist sendiri kadang kadang,1
62762091-f56a-4cc9-9b62-8524fbbe3332,"Ga lengkap lagunya, dan ngaco",1
94b39d4b-90d0-4ad5-ba3e-ced084bda0f1,Ok,5
4b9006c5-468d-4224-9a39-fbdfffcce4e5,mantap,5
26cd5155-fa27-4c25-b496-57c452bad6e7,Good app,5
36fdac16-718b-4576-9e5c-60b0d8b6c895,Ok,5
e199e31a-2b67-437f-a54b-b6d333f4ba83,Tenk,3
e6499778-7ad1-4fc6-b9ab-a43a078058a0,Lambat ga bisa di ubduh udah 3x,3
326cba4b-96a3-405f-851f-91ad0969c9bb,Tidak lengkap lagunya,3
e79715bb-19c9-4bf1-9f30-d35430695181,Mantap gan semua musik ada di joox Selalu kasih rekomendasi musik asik untuk di dengarkan gratis untuk semua orang yang penting asik,5
33dbafa6-70dd-4e47-8e49-bdb545da5efe,Apikasi yang bagus,5
78d76cfb-a595-46a7-bb40-23062f59a24d,Bagus,5
942f1c26-f03f-46c8-96fa-f36e125649b3,Mantaap,5
e8ec28e4-d6db-44e6-8fc0-9dc529c6d578,"Kenapa joox lagunya banyak yg gak ada, apalagi lagu"" Legends",4
b62c84d8-15f6-4ed6-b79d-80f5286bd62a,apl yg sangat bagus...moga kedepannya selalu jd yg terbaik,5
8dc92b1e-1ee8-4c0f-994f-cd7d0204fd3b,Tolong di perbaikannya aplikasi nya masa iya lagu baru selalu ada dan lagu lama gk pernah ada tolong di perbaikannya aplikasi,1
d24f30da-255c-4d44-9486-c61d05d8d526,Oke bagus kreatif,5
f94e48d8-434d-4862-baaa-d714f93cbdf1,buruk,1
afdfd18f-5c5d-47c1-9945-7543a2751bc7,Memuaskan,5
51a1e934-2f41-4583-922a-f7647546eae8,Wow,5
56961f28-d295-404e-b72d-ca2e76ef0086,matap,5
8b6a8c38-7eb1-423d-8132-1f67085c2653,"Banyak lagu terbaru dan lawas, rocommended banget",5
0825b330-ba74-4221-a874-a3f545ac27a9,Semoga joox kaya dulu lagi. Padahal fitur nya bagusan joox dari pada S itu gk tau kenapa malah kalah saing,5
8a3775ff-e39c-4026-80c8-60100395f2e5,Kurang banyak data terahir,5
39b337c3-edee-42a0-aaf6-22554aa2a714,Good,5
6f7c1279-a74a-4984-bf48-ae1f78609c54,Joox Andalan,5
b23d15b1-3f92-4097-b128-1c0dfef53498,Jooossss,5
fd859c67-688d-499c-8d12-dc0901f8ad21,Tab lah,5
d666ea5e-2a36-4b23-8e11-268e37f90387,Aplikasi gak bermodal gakguna di online,1
9c9602e5-b007-478a-bbd4-2784612739fe,burik,1
c9c5228f-85bf-480b-98f0-cf7b3cc3b7ac,sangat baik,5
4733203c-4b08-4ea0-8857-aa21d9ddcd87,Keren,5
cf4336b0-6c5d-4a4d-940f-78c722e548e4,Bagus,5
d76d4459-6183-4878-ab64-bbf65c7a55a7,Uda dari dulu Joox No.1 di hati,5
237a13cb-daa4-48d7-b1ea-88582d590cd5,Sangat baik,5
afce4c2f-4488-44d2-b985-280eb013df9e,"Lumayan sih ,dari pada apk sebelah,semoga seterusnya seperti ini",5
43e63e90-7ecf-48c7-bced-15a31c08cab6,Oke,5
f3936c14-9c6b-4aa6-9820-6b4d9ace4a81,Senang banget sama aplikasi Joox,5
90c905b0-5564-461f-ae49-13fbf58f8f5b,Aplikasi sampah,1
8ee88b48-cd46-4dbd-9009-ab54434b3b24,Nyoba dulu klo gratis lanjut.tp klo bayar ky sebelah ya hps lg,3
1c5f3a57-878d-486c-a133-37ae0261fec5,Keren,4
9ab74811-e30b-4fac-9e23-e1b405d01b17,Mantap bisa dengar lagu apapun,5
79e1d660-9962-4e5f-a635-929e81ed7af8,Mantaap,5
5370e2d2-5d77-45cc-bb01-dbfc37045c17,"Bagus dan keren,, Saya senang dengan fitur2nya...",5
4f22ada2-cc5f-4de5-ac98-f9995dc07c7a,mantap coy,5
53787f2a-60ad-407d-8af5-81f11b871bb3,Bagusnyaaaa,5
59140425-b0fd-4da5-891a-21af5418229f,Semoga tetap maju,5
bead3ce8-950b-41fd-b18b-8d2d00adcdcf,Mantappp,5
500ef5dc-7074-4552-914f-53e74d9ece71,"desain dan piturnya bagus, cuman lagunya kurang lengkap, tidak seperti app yang disebelah,",1
93c47a5a-273d-427d-b4eb-ce243f407f19,Oke mantap,5
b011c1e3-f78d-4dd9-8cf9-08919f235303,Ok,5
f168e455-00f7-4846-9d24-0c5a1c0fba5f,Good,5
52287316-75a6-4268-aadd-a287ee067284,Lumayan bagus,5
e1b48083-5f3e-4e72-bfc5-5a67672036c3,"Gak jadi download, susah di uninstall. Tolong perbaiki ya kak min. Maaf",3
8e956b41-9a1d-4771-a371-5de87ed84ba0,Bagus,5
f25801ad-d07a-4d08-baf2-7939ef6d5253,Aku Suka Aplikasi JOOX-Unduh sambil dengarkan!,5
57ea51e9-26ab-4f17-b920-bf74fe5b550c,Mantap,5
e7cbb432-b8a3-4e64-85ce-251c857ace13,Oke,3
7bf84cb7-d069-49e2-bf3b-a26c86416da9,"Playlist tidak lengkap, tidak seperti dulu",1
7f146852-aa05-449b-85f5-829e970ce8b5,Mantap,5
8fc00071-31d5-48fc-9d02-8dd9b7fc1b99,Mantep,5
95d62c2c-a472-4df2-9380-babe1e0cdb83,Bagus mantap sekali,5
ce10de21-2096-4f65-b9e1-28eb99b6d6c5,Bagus dan suka enak enak lagu nya dan juga nggak ribet buat nge download lagu lagu di aplikasi joox ini,5
88890a72-5020-42cd-9f9e-d1fd445a43c2,.Masi pemula,3
7e860e2c-e1a7-41c7-b829-46de483d793a,G masuk blass....kurang lengkap lagu2 dan albumnya. Utamanya genre hardcore and emo,1
46089610-0664-4e28-b408-b1c1cf404fc5,Kelasss,5
885a792d-1760-49b4-a925-a9eccffa8f29,Aplinya sangat keren banget dan juga perlu di tingkatkan performa aplikasi ini karena agak sedikit lag dan juga hilangkan sebagian dari bug aplikasi ini semoga kedepan bisa lebih baik lagi sekali lagi salam dari edwar dari kalimantan mengucapkan terima kasih atas kerja keras anda semoga bisa lebih baik lagi di tahun berikutnya terima kasih assalam walaikum waramatulh hi wabaroh katuh,5
78942cf5-8052-4182-82a3-633b23dfc56d,Keren,5
dc0691c7-1b96-4430-9049-2baae23dffbf,sangat bagus,5
a8286b9a-27c5-4d3e-b9fd-7ce02ee2870b,Good music,5
f7edca94-7505-4b2a-a739-6d0e84fd22d3,Ok,5
f771a06c-c3d9-495a-ac49-a841c5512600,Ok,5
6891eb76-f16a-4663-b01a-3d29d54da0b1,"Bagus,.. tidak mau langganan,..",5
095b95da-2353-4e2b-9b27-71964a13111e,Bagus dripada aplikasi sebelah kebanyakan iklan cma satu tambahan utk koleksi lagunya di tambah lgi,5
47b3ca55-1ee3-47c5-8fc2-6646fec0d4c3,"Sekarang kok musiknya putus2 ,blm selesai musik yg satu udh ganti hingga tdk enak didengerin , mohon dikembalikan kaya dulu lagi ,ini yg saya keluhkan juga dirasakan penggemar musik jqok yg lain ,banyak pelanggan jqok yg pindah ke aplikasi lain krn sudah tdk nyaman dg jqok , masak lagu baru sebentar udh ganti.",3
b967c804-2aa2-49b4-a94a-d046b339e605,"Joox makin jelek aja, lagu nggak lengkap, percuma aja jadi akun vip, mau karaoke pakai aplikasi pihak ketiga wesing, saya akan ubah bintangnya kalau joox kembali seperti duluğŸ˜•ğŸ˜•",1
80e8d480-5b69-4cdb-b82b-ae851008c9cf,Harga p mi kok Bu,4
55b26777-0c13-489e-8cbe-cd8b4f5f46d9,"Ada apa dengan joox aq Nich lagi kok kayak penjual kaset pinggir jalan lagunya cuma sepotong sepotong. G bisa menikmati musik Apa mang harus langganan VIP dulu,kalo iya mending aq dengerin pake aplikasi Laen aja",1
3d58f961-1021-41ef-af18-300d7e938413,Mudah dimengerti pencarian lagu nya,5
63f919e7-2423-4224-8b4c-4c3803f109a5,Excellent,5
bb76ae06-0a15-4725-94be-05f88962ef28,Sangat memuaskan,5
b6c3965e-d2ea-4572-ae0d-4a576232d1f0,Very happy listening poko e love more for joox,5
ae6f57db-824c-4289-803c-f2c95f31bf17,"Aplikasi musik ,,, tp tiap nyari lagu bnyakn gk ada,,, Asli parah banget aplikasi ini,,,, Ketinggian jauh sama sporty Percuma aja jadi VIP,,,,",1
b217ba9a-0406-4a47-8680-740f4d529b17,Gk usah di instal2 masuk byar ğŸ˜‚ğŸ˜‚ Mnding org ngok tik tok dari instal ini kgk byar Ini jls2 lgu org mutar byar ğŸ¤£,1
48296ad0-f3b6-43ec-b855-4e21320fdf01,Paling top markotop..ğŸ‘ğŸ‘,5
38cab912-f9d6-41cb-9526-f4fb37373949,Awesome,5
ba825630-034b-491b-b684-957b0979456e,kok banyak lagu yang gak ada ya,1
0cce39ca-0b1b-4f3e-892a-f3fc1a532939,Menyukai lagu,5
fe61180b-6481-4832-a0ab-193cd2c9be78,Saya HAPUS!! Isinya cover lagu semua. Sudah TIDAK menarik lagi!!,1
c5bb41d8-9e02-4e22-960a-6a04b7ea3dcd,Bagus lagu lagu nya mantap,5
27b57ed0-30ed-4d96-af3e-5d52a69daa96,Keren,5
5518afc0-ae18-4abf-9ef3-93f63bfc7088,Dhebes,5
ef2cb12e-4e08-4710-8440-38a2c41bdf7f,Aplikasi gooood,5
9b32bf72-a97e-485e-857f-69ec04ac83ab,Lama nge instal nya,1
08b7fb81-4044-4bc5-b077-ef18ff5a03d1,Nice..good,5
ad6c7044-df6c-4a65-bee9-af7ea0c28a84,Sangat baikğŸ‘ŒğŸ‘,5
16d2e65e-7cc4-4663-a741-8f8edd8a784d,Sangat bagus,5
6bbf9bef-2304-4203-b5bb-1004081e6615,Bagus,5
b42261ea-844a-43f7-ba74-8a002fec4b5a,Maaf maaf banget nih tapi joox sekarang makin menurun banyak lagu tidak available untuk di akses beda banget sama dulu.,2
f5c93a4e-38bd-48a2-b7f8-e2dfc006a67d,Muantap,5
380d65b7-8c06-4d06-b6ed-248b52e73166,Mantap,5
5ae4f488-2f63-4422-b44d-816de3ed4c1f,Bagus,5
27d446e6-bc45-4e8e-ae0e-025e1a23584c,bgus,5
9e27fc47-8f0b-4ff9-9826-7dff1f79335c,Sgt baik&bagus,5
91845af8-6d2f-44b3-bc1a-30479b9c6ad8,Keren,5
32195209-b0d0-4e90-9d29-50e822e28335,Apk tai,1
c35729a4-baa5-4ac0-97c4-5c15963f79ff,ğŸ‘ğŸ‘ğŸ‘,5
7d6cd5b4-7447-4f5e-abf3-faa3c6e6527b,Top,5
a854ac24-8d9e-463b-a289-550a6257833d,Joox sekarang ampas ketimbang 2016-2018,1
fc57608e-380b-4eb7-a061-629f3f005bff,Bagus,5
b0cc61ae-156f-472d-86c0-6c1dbb5d2c66,"bagus saya suka dibanding aplikasi lain,kurangnya satu knpa gk ada pengaturan equalizernya ya?",5
85e28a5e-f227-4503-a718-6b1c15257e12,Ok,5
02ad0071-8e54-4116-bdd5-cfbf21748afb,Ok,5
32197799-a129-445b-909c-a5efacd7f9ed,"baru instal lagi setelah sekian lama di hapus. ternyata gak ada perbaikan, lagunya tetap engga lengkap. skip lagi dah",1
d8c7f6c4-e940-4bca-9f30-90f7678d73a3,Bagus komplit lagunya,5
6ab95535-22d7-4182-8ad3-1ef233305ea2,Bagus sekali kak semoga saya cepat menikah dengan alfi,5
00cfc564-a6f1-41e2-8318-80008a16f311,Topbgt,5
86c7a18d-9527-4880-822f-3a8f0c6976d1,Like,5
75d8cd16-6dd3-44cf-9245-0966469fa19d,Ga rekomen bngtmakin ga jls,1
f9d5cb90-c826-45ea-8112-5bdfb075137d,nice,5
de289f61-3477-479e-b66d-82abadbc2fc7,Untuk joox kalo bisa lagu-lagunya lebih di update lagi.,5
2d52d3fa-d0dd-42ad-b611-061b23f12e5b,mantapppp..,5
5411552a-f4b6-4520-92a7-35f0b7f6e675,Bgus..lmyanlah untuk musik trending,4
bf54c352-6b50-4eb0-b31f-84c01ef6aeeb,Mantaff,5
